bwv3.6.mxl,V6/V,V65/V,V,i43,V/V,2
bwv3.6.mxl,V64,ii7,V/V,V7/V,V,4
bwv3.6.mxl,ii,viio6,I6,IV7,V,6
bwv3.6.mxl,I64,V65/V,vii/o7/V,V7,I,8
bwv4.8.mxl,V65/V,v,V/V,V7/V,V,2
bwv4.8.mxl,bVI42,bVI,V,V75#3,i,4
bwv4.8.mxl,iv,viio6#43,i,VII6/-i,III,6
bwv4.8.mxl,V65/V,#v/-i,V/V,V7/V,v,8
bwv4.8.mxl,bVII,bVII7,i,V75#3,bVI,10
bwv4.8.mxl,bVI,ii/o65,V,V75#3,I,12
bwv5.7.mxl,viio#63,i,i42,iv6,V,2
bwv5.7.mxl,ii7,viio#63,i,iio6,V,4
bwv5.7.mxl,III6,III,iv65,bVII,V6,6
bwv5.7.mxl,i42,iv65,bVII,bVII7,III,8
bwv5.7.mxl,IV65,bVII42,iv7,IV,bVII,10
bwv5.7.mxl,bVI,bVI,iv,V75#3,I,12
bwv6.6.mxl,i,iv7,V,V,i,2
bwv6.6.mxl,i42,iv6,iio64,iv6,V,4
bwv6.6.mxl,III,bVII7,III64,bVII,III,6
bwv6.6.mxl,iv7,V,#iii6,V7#3,I,8
bwv9.7.mxl,V65/IV,ii6,bVII6/IV,vi/o7b53,IV/IV,2
bwv9.7.mxl,V6,v5,V/V,V7/V,V,4
bwv9.7.mxl,I6,I7,V/V,V7/V,V,6
bwv9.7.mxl,ii,V65/ii,V65/ii,ii,V/ii,8
bwv9.7.mxl,vi/o43,viio42/V,V64,V42,I,10
bwv10.7.mxl,i ,iv65,iv7,bVII,III,5
bwv10.7.mxl,iv6,i64,V,V75#3,I,9
bwv10.7.mxl,III6,iv65,iv7,bVII,III,14
bwv10.7.mxl,iv6,iv64,I,ii42,I,22
bwv11.6.mxl,vi65,vi7,V64,V7/V,V,4
bwv11.6.mxl,ii7,V,V,V7,I,8
bwv11.6.mxl,V/ii,vii42,V/ii,V75#3/ii,ii,12
bwv11.6.mxl,vi64,vii/o65,vii7,V75#3/vi,vi,16
bwv11.6.mxl,viio,V65,I,vii/o43/V,V,19
bwv11.6.mxl,V65,I,ii65,V7,I,22
bwv13.6.mxl,I,V6,IV6,V65,I,2
bwv13.6.mxl,V,iii,vi7,viio6/V,V,4
bwv13.6.mxl,V,V42,I6,I,V,6
bwv13.6.mxl,V6,I,V65/ii,ii,V/ii,8
bwv13.6.mxl,V,iii6,I6,V65/V,V,10
bwv13.6.mxl,vii/o65,I6,V,V7,I,12
bwv14.5.mxl,iv,iv6,I,I75#3,iv,2
bwv14.5.mxl,III6,iv65,bVII,bVII7,III,4
bwv14.5.mxl,i43,iio6,iv7,V,i,6
bwv14.5.mxl,i,v6,vi/o7,V7/V,v,8
bwv14.5.mxl,i,i4,V,V75#3,I,10
bwv16.6.mxl,III6,IV6,bVII,III6,IV6,2
bwv16.6.mxl,i5,ii/o65,V,V75#3,i,4
bwv16.6.mxl,viio7,vii7,i,vio#63,V,6
bwv16.6.mxl,i64,v,IV6,IV#3,bVII,8
bwv16.6.mxl,##ib73/-iii,v,iv6,iv7,V,10
bwv16.6.mxl,i6,ii/o65,V,V75#3,I,12
bwv17.7.mxl,V42,I6,ii65,V,I,4
bwv17.7.mxl,V42,I6,ii65,V,I,8
bwv17.7.mxl,V6/vi,vi,vii/o65,V/vi,vi,12
bwv17.7.mxl,I6,vi65,V/V,V7/V,V,15
bwv17.7.mxl,ii4,V,I,V7/IV,IV,19
bwv17.7.mxl,V75#3/ii,IV/IV,vii/o43/IV,V75#3/ii,V/V,22
bwv17.7.mxl,IV/IV,vii/o7/IV,vi43,viio/IV,IV,26
bwv17.7.mxl,viio/V,V,I,V7/V,V,29
bwv17.7.mxl,iii,ii6,IV7,vii/o7/V,V,33
bwv17.7.mxl,ii65,I64,V,V7,I,37
bwv19.7.mxl,V65/V,V,vi6,V/V,V,5
bwv19.7.mxl,IV6,I64,ii65,V,i5,9
bwv19.7.mxl,IV,I64,ii65,V,I,13
bwv19.7.mxl,I6,IV6,I,I,V,17
bwv19.7.mxl,vii,V,I,V7/IV,IV,22
bwv19.7.mxl,v5,v7,iii65,v7,I,27
bwv20.11.mxl,I,IV,IV7,V,I,2
bwv20.11.mxl,vi7,ii7,viio6,I6,V,4
bwv20.11.mxl,I64,ii65,V,V7,I,6
bwv20.11.mxl,vii/o43/IV,III+6/ii,viio7/vi,V75#3/ii,ii,8
bwv20.11.mxl,I,iv43,V,V7,I,10
bwv24.6.mxl,vi42,V7,iii65,V7,I,2
bwv24.6.mxl,ii6,ii,V,V,I,4
bwv24.6.mxl,ii,V7,I64,V7,I,5
bwv24.6.mxl,iii7,I,V7,V,I,7
bwv24.6.mxl,V43,ii,V7,V,I,9
bwv24.6.mxl,ii64/IV,vi/o43,vio6,V7/V,V,10
bwv24.6.mxl,V42/IV,IV6,vi43,V65/IV,IV,12
bwv24.6.mxl,ii65,V65/V,iii65,V7,I,13
bwv25.6.mxl,vi,viio6/V,V,V/V,V,2
bwv25.6.mxl,V65,I,V,i43,I,4
bwv25.6.mxl,V65/ii,ii,vii65,viio6#4/vi,V/ii,6
bwv25.6.mxl,V,IV6,I,vii/o43/V,V,8
bwv25.6.mxl,V6/V,V65/V,iii6,V6/vi,vi,11
bwv25.6.mxl,V42,I6,i5,V,I,13
bwv26.6.mxl,I,i,V6,i,i,1
bwv26.6.mxl,i,i,bVII,III,III,2
bwv26.6.mxl,viio,i,ii/o65,V,I,4
bwv26.6.mxl,##iii/ob7b5/-iii,I,I75#3,bvii4,IV,6
bwv26.6.mxl,iv7,bVII,bVII7,bvi4,III,8
bwv26.6.mxl,V65/V,V,V75#3,iv4,I,10
bwv27.6.mxl,ii43,I,V,V,I,5
bwv27.6.mxl,I,I,V,V,I,10
bwv27.6.mxl,viio6,I7,vi6,vi6,III/V,12
bwv27.6.mxl,V,V/V,iii,V/iii,V/vi,14
bwv27.6.mxl,I6,ii7,ii7,viio6,I,18
bwv27.6.mxl,I,ii65,V,V,I,22
bwv28.6.mxl,IV6,bVII,bVII42,bVII,bVII,2
bwv28.6.mxl,i64,ii/o65,V,V75#3,i,4
bwv28.6.mxl,ii/o65,V,bVI7,iv6,V,6
bwv28.6.mxl,i42,IV6,bvii4,IV7#3,bVII,8
bwv28.6.mxl,III,i,ii7,IV,bVII,10
bwv28.6.mxl,i64,ii/o65,V,V75#3,I,12
bwv29.8.mxl,vi,I64,ii65,V,I,4
bwv29.8.mxl,I6,ii65,V,V,I,8
bwv29.8.mxl,vi,vii/o65,V75#3/vi,V/vi,vi,12
bwv29.8.mxl,V64,vi65,V/V,V7/V,V,15
bwv29.8.mxl,I,V6,I,I6,IV,19
bwv29.8.mxl,IV/IV,vii/o65/IV,V/ii,V75#3/ii,ii,22
bwv29.8.mxl,ii6,iii7,I6,I,IV,26
bwv29.8.mxl,V64,vi65,V/V,V7/V,V,29
bwv29.8.mxl,iii,V6,I,I,V,33
bwv29.8.mxl,I,iv43,ii65,V,I,36
bwv30.6.mxl,V,vi65,V/V,V7/V,V,3
bwv30.6.mxl,ii7,viio6,iii7,V7,I,5
bwv30.6.mxl,V/ii,V/ii,IV7/IV,ii6/IV,V/ii,7
bwv30.6.mxl,IV65,V65,I,vii/o43/V,V,9
bwv30.6.mxl,ii6,viio64,vi6,V/vi,vi,12
bwv30.6.mxl,I,V,V,V7,I,14
bwv32.6.mxl,viio6/V,V6,V/V,V42/V,V,2
bwv32.6.mxl,ii,viio6,I6,V,I,4
bwv32.6.mxl,V,IV6,I,V,I,6
bwv32.6.mxl,IV6,vii/o7,I,vii/o43/V,V,8
bwv32.6.mxl,viio6,I,I6,I,IV,11
bwv32.6.mxl,V42,I6,V,V7,I,13
bwv33.6.mxl,i7,IV#643,III64,bVII,III,3
bwv33.6.mxl,iv7,V,III+65#3,V75#3,i,6
bwv33.6.mxl,i,III43,iv6,I65,iv,8
bwv33.6.mxl,III,III6,IV65,V6,i,10
bwv33.6.mxl,I,iv,bVI+7#53,iv,I,12
bwv33.6.mxl,bVII42,III6,III6,bVII,III,14
bwv33.6.mxl,i64,ii/o65,V,V75#3,I,16
bwv36.4-2.mxl,vi65,vi7,vi7,V/V,V,2
bwv36.4-2.mxl,vi65,I,iii6/V,V7/V,V,4
bwv36.4-2.mxl,viio6,I,V,V7,I,6
bwv36.4-2.mxl,V,V7,I,V6,I,7
bwv36.4-2.mxl,I,V6,I,V,I,8
bwv36.4-2.mxl,vii/o43,ii6,V,V42,I,12
bwv36.4-2.mxl,vii/o43,ii6,V,V7,I,14
bwv36.8-2.mxl,ii/o65,i6,ii65,V75#3,i,2
bwv36.8-2.mxl,iio6,III,i6,#I7#3/-iii,bVI,4
bwv36.8-2.mxl,iio6,iv7,V,V,i,6
bwv36.8-2.mxl,vi/o7,V65,i,V75#3,I,8
bwv37.6.mxl,ii/IV,V7/V,iii65/V,V7/V,V,2
bwv37.6.mxl,V64,V7/V,iii65/V,V7/V,V,4
bwv37.6.mxl,V,V,i43,V7/V,V,6
bwv37.6.mxl,I6,V,I7,V/V,V,8
bwv37.6.mxl,IV,viio64,I,iv43,V,10
bwv37.6.mxl,ii6,v5,v7,V/ii,ii,12
bwv37.6.mxl,ii64,iii,ii6,IV7,V,14
bwv37.6.mxl,I6,I64,V7,iii65,I,17
bwv39.7.mxl,viio6/V,V6,II,II75#3,V,2
bwv39.7.mxl,IV6,I64,V,V7,I,4
bwv39.7.mxl,ii6,vi7,vi42,IV,V/vi,6
bwv39.7.mxl,IV6,vii/o7,I,vii/o43/V,V,8
bwv39.7.mxl,vi43,viio6,I,V/vi,vi,11
bwv39.7.mxl,I6,I,V,V7,I,13
bwv40.3.mxl,viio#63,i,V,V75#3,bVI,1
bwv40.3.mxl,bVI,iv,viiob753/V,V,i,2
bwv40.3.mxl,bVII,bVII7,i,IV#643,V,3
bwv40.3.mxl,i,ii/o65,V,V75#3,i,6
bwv40.3.mxl,i,III,bVII,i,V,7
bwv40.3.mxl,III,IV65,IV6,IV7#3,bVII,8
bwv40.3.mxl,i64,V65/V,V,V75#3,I,11
bwv40.6.mxl,bVI,iio6,III6,IV6,bVII,2
bwv40.6.mxl,III43,iv65,ii/o43,iv6,V,4
bwv40.6.mxl,V6/V,III+6,bVI,i43,V6/V,6
bwv40.6.mxl,VII##7#5#3/-iii,VII/-iii,##iii/ob64b3/-iii,#v6/-iii,I,8
bwv40.6.mxl,I65,vi6#43,I6,V6/V,V,10
bwv40.6.mxl,viio#63,i,V,V75#3,bVI,12
bwv40.6.mxl,bVII7,V65,i,iio6,V6#42,14
bwv40.6.mxl,ii/o65,i64,i4,V,I,16
bwv40.8.mxl,ii/o65,iio6,V,i,i,2
bwv40.8.mxl,III,iv65,iv6,bVII,III,4
bwv40.8.mxl,bVI,bVI,ii/o65,V,i,6
bwv40.8.mxl,iv43,bVII6,bVII,III,III,8
bwv40.8.mxl,##iii/o6b5b3/-iii,##iii/ob7b5/-iii,I,I75#3,iv,10
bwv40.8.mxl,i,ii/o65,V,V75#3,i,12
bwv40.8.mxl,v6,V/V,V7/V,V#3,V,14
bwv40.8.mxl,iio6,III6,bVII,III,III,16
bwv40.8.mxl,iv43,V,V,I,I,20
bwv41.6.mxl,V6,V42/IV,IV6,IV,IV/IV,2
bwv41.6.mxl,I6,IV,IV7,V,I,4
bwv41.6.mxl,v5,I,V42/IV,IV,IV,7
bwv41.6.mxl,I64,ii65,V,V7,I,9
bwv41.6.mxl,iii42,III+7#53/vi,V64/vi,vi,vi,12
bwv41.6.mxl,V,V42,V43,I,I,14
bwv41.6.mxl,ii4,iii6,IV6,vii/o7,I,18
bwv41.6.mxl,V75#3/ii,IV/IV,ii64,vii/o65/IV,ii,22
bwv41.6.mxl,ii7,vii/o65,ii,V7,I,26
bwv41.6.mxl,#vob64b3/IV,V6/V,ii/IV,ii/IV,V/V,30
bwv41.6.mxl,ii7,IV42,ii6,ii7,V,32
bwv41.6.mxl,I64,IV7,V,V7,I,34
bwv42.7.mxl,V6,i,iv7,V75#3,i,2
bwv42.7.mxl,iv65,iio64,iv6,bVII,III,4
bwv42.7.mxl,i42,IV6,IV65,bVII,IV,6
bwv42.7.mxl,III+6,V75#3,bVI,iv,i,8
bwv42.7.mxl,i6,i4,V,V75#3,i,10
bwv42.7.mxl,III6,iv65,iv7,bVII,III,16
bwv42.7.mxl,iv65,bVI7,bVI,bVII,III,16
bwv42.7.mxl,ii/o7,I6,iv,viio#653,i,18
bwv42.7.mxl,III,iv65,bVII,bVII7,III,21
bwv42.7.mxl,i64,iv6,i,bVII6,iv,23
bwv42.7.mxl,bVI42,iio6,III,iv,bVI,25
bwv42.7.mxl,i6,ii/o65,iv7,V7#3,I,28
bwv44.7.mxl,I,I42,IV65,V65,I,2
bwv44.7.mxl,V,iii,vi7,viio6/V,V,4
bwv44.7.mxl,ii,viio6,I,I6,V,6
bwv44.7.mxl,V65/ii,ii,i42/ii,viio6#43/vi,VI,8
bwv44.7.mxl,I,iii43,vi7,V7/V,V,10
bwv44.7.mxl,I64,ii65,V,V7,I,12
bwv45.7.mxl,viio6,I6,iii7,I,IV,2
bwv45.7.mxl,V65,I,V,V7,I,4
bwv45.7.mxl,ii7,V7,I64,V7,I,6
bwv45.7.mxl,vi65,V64,V/V,i43/V,V,8
bwv45.7.mxl,I,I,I6,V7/IV,IV,10
bwv45.7.mxl,viio64/V,V6,vi7,viio6/V,V,12
bwv45.7.mxl,I6,ii,iii6,V7,vi,14
bwv45.7.mxl,I64,ii65,V,V7,I,16
bwv47.5.mxl,V,i6,V65,i,V,2
bwv47.5.mxl,bVII,#iiio6,iv6,I,iv,4
bwv47.5.mxl,V6#42,i6,viio#63,i,V,6
bwv47.5.mxl,#v/-iii,#I75#3/-iii,i65,III,bVI,8
bwv47.5.mxl,i64,viiob753/V,V,V75#3,I,10
bwv48.3.mxl,I,V,V/V,V7/V,V,1
bwv48.3.mxl,V,V42,vi/o43,viio6#43/vi,vi,2
bwv48.3.mxl,V42/V,iii7/V,V/V,II,V,4
bwv48.3.mxl,V,I6,viio6,I,V,6
bwv48.3.mxl,V,V,Ib753,IVb753,bVII,7
bwv48.3.mxl,bVI#42,iv6,iv4,I,I,11
bwv48.7.mxl,i,IV#643,V,V75#3,i,2
bwv48.7.mxl,IV65,V65,III+65#3,i6,V,4
bwv48.7.mxl,iv6,i64,V,V75#3,i,6
bwv48.7.mxl,III,III6,ii43,IV6,bVII,8
bwv48.7.mxl,i64,ii/o65,V,V75#3,I,11
bwv55.5.mxl,ii7,viio6,I6,V,V,2
bwv55.5.mxl,vi42,ii65,V,i43,I,4
bwv55.5.mxl,ii,iii/o65b3,V/ii,V75#3/ii,ii,6
bwv55.5.mxl,IV,v65,I,Ib753,IV,8
bwv55.5.mxl,viio6,I6,IV7,V,V,10
bwv55.5.mxl,vi42,ii65,V,I,I,12
bwv56.5.mxl,i7,vi/o#653,V/V,V7/V,V,3
bwv56.5.mxl,V65/V,i64,V,viio6#4,i,6
bwv56.5.mxl,i,iv65,bVII,bVII7,III,9
bwv56.5.mxl,bVI,i43,viiob753/V,V65/V,V,11
bwv56.5.mxl,bVI7,ii/o43,i64,V,I,13
bwv57.8.mxl,viio6,I,V,V7,I,5
bwv57.8.mxl,I,viio6,iii7,I6,IV,7
bwv57.8.mxl,vi64,I6,IV,IV7,V,10
bwv57.8.mxl,V6,I,V,V7,I,13
bwv60.5.mxl,I,V6,III+43/ii,V6/ii,V65/iii,2
bwv60.5.mxl,I43/V,V6,V,v43,I,4
bwv60.5.mxl,viio7/ii,V7/V,iii6/V,V7/V,V,6
bwv60.5.mxl,V,I,V6,V42/IV,viio6/V,7
bwv60.5.mxl,V,V,V6,V7,I,9
bwv60.5.mxl,viio6/V,ii/IV,V7/V,V/V,V,11
bwv60.5.mxl,I,I,I64,iii6,V,14
bwv60.5.mxl,V7,vii/o7/V,I64,vi42,V,17
bwv60.5.mxl,I,I6,V65/V,viio/vi,vi,19
bwv60.5.mxl,I,V7,iii65,V7,I,20
bwv62.6.mxl,i6,ii/o65,V,V75#3,i,2
bwv62.6.mxl,III64,i42,vio,IV65,bVII,4
bwv62.6.mxl,i6,ii/o65,V,V75#3,i,6
bwv62.6.mxl,i6,ii/o65,V,V75#3,I,8
bwv64.2.mxl,IV6,vi7,ii,viio7/ii,ii,2
bwv64.2.mxl,V,I,iv43,V,I,4
bwv64.2.mxl,vi6,I,V/V,V7/V,V,6
bwv64.2.mxl,IV,IV64,I,ii42,I,10
bwv64.4.mxl,I,I6,I6,I,IV,2
bwv64.4.mxl,V6,V65,v7,I,I,4
bwv64.4.mxl,ii,iii6,I64,V7,I,6
bwv64.4.mxl,V6,vi6,V/V,V/V,V,8
bwv64.4.mxl,I6,ii7,V65/IV,V7/IV,IV,10
bwv64.4.mxl,V6/V,iii7,V65/V,V7/V,V,12
bwv64.4.mxl,IV,IV42,vii/o43,viio6#4/vi,vi,14
bwv64.4.mxl,V65,I,V,V7,I,16
bwv64.8.mxl,i,ii/o65,V,V75#3,i,2
bwv64.8.mxl,vi/o#43,viio6#43,I6,V65/V,V,4
bwv64.8.mxl,i6,i,V75#3,V75#3,i,6
bwv64.8.mxl,i,IV65,bVII,iii43,III,8
bwv64.8.mxl,viio6b5/V,v6,V/V,V7/V,V,11
bwv64.8.mxl,i,V65/V,V,V75#3,I,13
bwv65.2.mxl,bVII42,III6,III7,bVI,III,4
bwv65.2.mxl,V#643,i,IV65,bVII,III,7
bwv65.2.mxl,v,I65,V6/V,V,i,11
bwv65.2.mxl,iv7,v7,viiob753/V,V,I,16
bwv65.7.mxl,III6,III64,iii4,bVII,III,2
bwv65.7.mxl,i6,i,V,V75#3,i,5
bwv65.7.mxl,v42,i65,i7,IV,bVII,8
bwv65.7.mxl,i6,ii7,i,viio64/V,V,10
bwv65.7.mxl,i,III64,IV65,bVII,III,12
bwv65.7.mxl,v7,III,v5,V,I,14
bwv67.7.mxl,I,V6,IV6,V65,I,2
bwv67.7.mxl,IV6,I,ii65,V,I,4
bwv67.7.mxl,V,V7,vi,viio6,V/vi,6
bwv67.7.mxl,I64,ii65,V,V7,I,9
bwv69.6.xml,vii/o43/V,V6,iii43,viio6/V,V,3
bwv69.6.xml,vii/o43/V,V6,iii43,viio6/V,V,9
bwv69.6.xml,I,I6,ii,viio6,I,14
bwv69.6.xml,vi,vi,ii5,ii5,V,16
bwv69.6.xml,vi6,V6,V65,v7,I,18
bwv69.6.xml,iv7,viio7/vi,vi,V75#3/vi,vi,20
bwv69.6.xml,I,I6,I64,V7,I,23
bwv69.6-a.mxl,ii43,I6,V,V7,I,2
bwv69.6-a.mxl,I,I42,IV,V,I,4
bwv69.6-a.mxl,IV,IV7,V6/V,V65/V,V,5
bwv69.6-a.mxl,V42,I6,I6,viio/IV,IV,6
bwv69.6-a.mxl,V,vi6,I,V/V,V,8
bwv69.6-a.mxl,V42,I6,I,V,I,10
bwv70.11.mxl,ii,V7,iii65,V,I,2
bwv70.11.mxl,I,ii7,vii65,ii5,V,5
bwv70.11.mxl,V6,I,IV6,V65,I,7
bwv70.11.mxl,IV,v7,iii65,v5,I,9
bwv70.11.mxl,V6,ii5,viio7/iii,viio/iii,iii,11
bwv70.11.mxl,ii6,ii6,V,V7,I,13
bwv73.5.mxl,IV6,bVII,v6,V6/V,v,2
bwv73.5.mxl,iv,V65,V6,V65,i,4
bwv73.5.mxl,iv6,iv7,III64,bVII,III,6
bwv73.5.mxl,i,IV,ii6,IV,bVII,8
bwv73.5.mxl,bVI,bVI42,iio6,viiob753/V,v,10
bwv73.5.mxl,i64,i4,V,V,I,12
bwv74.8.mxl,iio6,iv,V6,i,V,2
bwv74.8.mxl,III,i6,viio7,i,V,4
bwv74.8.mxl,ii,v,III,IV75#3,bVII,6
bwv74.8.mxl,III6,III,viio#63,i,V,8
bwv74.8.mxl,III42,iv43,V65,i,V,10
bwv74.8.mxl,ii/o65,V,ii/o65,V75#3,I,13
bwv78.7.mxl,iv7,ii/o65,V,V75#3,i,2
bwv78.7.mxl,bVI7,iv6,viio#63,i,V,4
bwv78.7.mxl,iv7,ii/o65,V,V75#3,i,6
bwv78.7.mxl,bVI7,iv6,viio#63,i,V,8
bwv78.7.mxl,III7,i65,IV,IV75#3,bVII,10
bwv78.7.mxl,bVI7,iv65,bVII,bVII7,III,12
bwv78.7.mxl,i,III64,ii/o43,iv6,V,14
bwv78.7.mxl,i,ii/o65,V,V75#3,I,16
bwv80.8.mxl,viio6,I6,iii,V/V,V,2
bwv80.8.mxl,IV6,IV7,V,V7,I,4
bwv80.8.mxl,V6/V,V,I7,V/V,V,6
bwv80.8.mxl,viio/IV,IV,IV,viio6,I,7
bwv80.8.mxl,V6,vi65,V/V,V7/V,V,9
bwv80.8.mxl,V7/IV,V6/ii,V65/ii,ii,V/ii,10
bwv80.8.mxl,IV6,IV7,V,V7,I,12
bwv81.7.mxl,i6,ii/o65,V,V75#3,i,2
bwv81.7.mxl,v43,i,i6,iv6,V,4
bwv81.7.mxl,i,ii/o65,V,V75#3,i,6
bwv81.7.mxl,III,IV65,bVII,bVII7,III,8
bwv81.7.mxl,viio6b5/V,v6,V/V,V7/V,V,11
bwv81.7.mxl,bVI7,V65/V,V,V75#3,I,13
bwv83.5.mxl,v,I#643,V/V,V7/V,v,2
bwv83.5.mxl,i7,V/V,v64,V7/V,V#3,4
bwv83.5.mxl,III6,III65,IV,bVII64,IV,7
bwv83.5.mxl,V6,V7#3,i,bVI6,III,8
bwv83.5.mxl,iio6,i64,viio#43,iv,V64,10
bwv83.5.mxl,V6,i,V,V75#3,I,12
bwv84.5.mxl,V75#3,bVI,iio6,V,V,3
bwv84.5.mxl,bVI,i64,ii/o65,V,i,5
bwv84.5.mxl,i42,iv65,bVII,iii43,III,7
bwv84.5.mxl,ii/o43,i64,V,V75#3,I,9
bwv85.6.mxl,i,bVII6,bVII,bVII7,III,2
bwv85.6.mxl,viio#63,i#753,vi#65,viio64/V,V,4
bwv85.6.mxl,III64,iv65,bVII,bVII7,III,6
bwv85.6.mxl,bVII6,i7,bVII7,v6,III,8
bwv85.6.mxl,vii#6,i#753,vi#65,viio64/V,V,10
bwv85.6.mxl,i6,ii/o65,V75#3,i64#3,bVI,12
bwv85.6.mxl,V,III+6,V7#3,V,I,14
bwv86.6.mxl,vii/o7/IV,IV,IV,Ib753,IV,2
bwv86.6.mxl,V6,vi7,V,V7/V,V,4
bwv86.6.mxl,V,I6,i7,V/V,V,6
bwv86.6.mxl,vi,ii64,viio7/ii,ii,V/ii,8
bwv86.6.mxl,V,v5,V6/V,V,I,10
bwv87.7.mxl,i64,iv7,V,V75#3,i,2
bwv87.7.mxl,i6,i64,ii/o43,iv6,V,4
bwv87.7.mxl,ii/o65,ii/o7,V,V75#3,i,6
bwv87.7.mxl,III6,III6,bVII7,bVII,III,8
bwv87.7.mxl,v,vi/o#653,V/V,V7/V,V#3,11
bwv87.7.mxl,ii/o65,V64,V,V75#3,I,13
bwv88.7.mxl,III65,iv6,iio6,V,V,3
bwv88.7.mxl,i43,ii/o65,iv7,V7#3,i,5
bwv88.7.mxl,iv65,iv6,bVII,bVII7,III,7
bwv88.7.mxl,i64,iv,V,V75#3,I,9
bwv89.6.mxl,V6,i,i,iv6,V,2
bwv89.6.mxl,ii7,viio#63,i,iio6,V,4
bwv89.6.mxl,i,i42,iv65,bVII,III,6
bwv89.6.mxl,III64,iv65,iv7,bVII,III,8
bwv89.6.mxl,i,IV65,bVII64,IV,bVII,10
bwv89.6.mxl,i64,ii/o65,V,V75#3,I,12
bwv90.5.mxl,i,i6,V,V75#3,i,2
bwv90.5.mxl,V64,i,i42,iv6,V,4
bwv90.5.mxl,V6,viio,i,V,I,6
bwv90.5.mxl,III,v64,vi/o#653,V/V,V,8
bwv90.5.mxl,i,i42,iv65,bVII,VII/--ii,10
bwv90.5.mxl,i,i6,ii/o65,V,I,12
bwv91.6.mxl,IV,iv5,I,V7/IV,IV,2
bwv91.6.mxl,I,I6,V,V7,I,4
bwv91.6.mxl,I6,I7,V/V,V7/V,V,6
bwv91.6.mxl,vi7,viio,I,IV43,V,9
bwv91.6.mxl,I6,V7/IV,IV,IV,I,10
bwv94.8.mxl,I,viio6,I6,I,IV,2
bwv94.8.mxl,I6,V65,I,V,I,4
bwv94.8.mxl,ii,V7,I64,V7,I,6
bwv94.8.mxl,I,V64,V/V,i43/V,V,8
bwv94.8.mxl,I,I,I6,V7/IV,IV,10
bwv94.8.mxl,V/V,viio64/V,iii7/V,V7/V,V,12
bwv94.8.mxl,IV,I6,ii,viio7/vi,vi,14
bwv94.8.mxl,IV7,IV,V,V7,I,16
bwv96.6.mxl,vi,vii/o65,V/vi,V75#3/vi,vi,2
bwv96.6.mxl,I6,I,V,V7,I,4
bwv96.6.mxl,ii6,ii,iii7,I6,V,6
bwv96.6.mxl,viio7/ii,ii,viio7/iii,V75#3/vi,IV,8
bwv96.6.mxl,V42,I6,V,V7,I,10
bwv101.7.mxl,iv6,i6,iv7,V64,i,2
bwv101.7.mxl,v,III,bVI,iv6,V,4
bwv101.7.mxl,v7,bVI,iv6,V,i,6
bwv101.7.mxl,V65/V,v,v,V7/V,v,8
bwv101.7.mxl,bVII6,III,bVI7,bVII,III,10
bwv101.7.mxl,bVI,iio6,i64,V,I,12
bwv102.7.mxl,iio6,i64,V,V75#3,i,2
bwv102.7.mxl,III,bVI,iv6,iio64,V,4
bwv102.7.mxl,V75#3,bVI,iv6,V,i,6
bwv102.7.mxl,III7,i6,V7/V,iii65/V,V,8
bwv102.7.mxl,III43,bVI7,bVII,bVII7,III,10
bwv102.7.mxl,iv,III+6,i64,V75#3,I,12
bwv103.6.mxl,III6,iv65,III64,bVII,III,2
bwv103.6.mxl,i,ii#642,V,V75#3,i,4
bwv103.6.mxl,i7,bVII6,ii6,IV7#3,bVII,6
bwv103.6.mxl,viio#63,i6,ii/o43,iv6,V,8
bwv103.6.mxl,iii4,iv65,v6,bVII7,III,10
bwv103.6.mxl,i,V,ii/o65,V75#3,I,12
bwv104.6.mxl,ii,viio6,I6,V,I,2
bwv104.6.mxl,I6,iv4,I,V7,I,4
bwv104.6.mxl,ii6/IV,V75#3/ii,III+65#3/ii,V/ii,ii,6
bwv104.6.mxl,viio/ii,ii64,vii7,viio#63/vi,V/ii,8
bwv104.6.mxl,V42,I6,IV,V,I,10
bwv108.6.mxl,V6,v7,i,i,V,2
bwv108.6.mxl,IV65,viio,i,vio#63,V,4
bwv108.6.mxl,i65,i7,IV,IV75#3,bVII,7
bwv108.6.mxl,i,IV65,viio,i,V,9
bwv108.6.mxl,III42,iv43,viio7,i,V,11
bwv108.6.mxl,ii/o65,ii/o7,V,V75#3,I,13
bwv110.7.mxl,i,i,V,V75#3,i6,1
bwv110.7.mxl,i,i,V,V75#3,i6,2
bwv110.7.mxl,III,bVI43,bVII,i,V,3
bwv110.7.mxl,viio,i,V,V75#3,i,6
bwv110.7.mxl,i,ii7,viio#63,i6,V,7
bwv110.7.mxl,III,IV,III6,IV65,bVII,8
bwv110.7.mxl,i,iv43,V,V75#3,I,11
bwv112.5-sc.mxl,ii,viio6,I6,V,I,2
bwv112.5-sc.mxl,I64,ii65,V,V7,I,4
bwv112.5-sc.mxl,ii6,IV/IV,ii/IV,V7#3/ii,ii,6
bwv112.5-sc.mxl,vi42,ii65,vii/o43,ii6,V/vi,8
bwv112.5-sc.mxl,vi,I6,ii65,V,I,10
bwv113.8.mxl,viio#63,i,V,V75#3,i,2
bwv113.8.mxl,IV6#42,viio#63,i,i6,V,4
bwv113.8.mxl,bVI,iv7,V,V75#3,i,6
bwv113.8.mxl,v,v,i6,IV,bVII,8
bwv113.8.mxl,iv,V,v5,v7,i,11
bwv114.7.mxl,iv6,bVII7,v65,bVII7,III,2
bwv114.7.mxl,i43,ii/o65,V,V75#3,i,4
bwv114.7.mxl,bVII,viio#63,viio,i6,V,6
bwv114.7.mxl,bVII6,i65,IV,IV75#3,bVII,8
bwv114.7.mxl,ii/o65,ii65,V,V75#3,I,10
bwv115.6.mxl,vi,I64,ii65,V,I,2
bwv115.6.mxl,ii65,ii7,V,V7,I,4
bwv115.6.mxl,V6,vi7,V,V6,I,5
bwv115.6.mxl,V6/ii,vii7,V#3/ii,V65/ii,V/V,6
bwv115.6.mxl,I43/V,vi65,vi7,V/V,V,8
bwv115.6.mxl,ii65,ii7,V,V7,I,10
bwv117.4.mxl,IV,IV,iv43/IV,I,IV,2
bwv117.4.mxl,V/V,V6,V,V7/V,V,4
bwv117.4.mxl,I6,i7,V/V,V7/V,V,6
bwv117.4.mxl,viio/ii,ii,ii,viio#43/vi,V/ii,8
bwv117.4.mxl,I,ii6,V6/V,V,I,10
bwv122.6.mxl,iv43,i6,viio#63,i,V,4
bwv122.6.mxl,v6,i7,V/V,V/V,V,8
bwv122.6.mxl,III,iv6,III64,bVII,III,12
bwv122.6.mxl,i,iio6,i64,V,I,16
bwv123.6.mxl,III6,V6/V,V/V,V7/V,v,2
bwv123.6.mxl,bVII65,III,bVII,bVII7,III,4
bwv123.6.mxl,bVI7,iv6,iv65,iio64,V,8
bwv123.6.mxl,i,i6,iv7,bVII6,III,10
bwv123.6.mxl,i6,viio#63,i,V,V,12
bwv123.6.mxl,iio6,iv7,V,V,I,16
bwv125.6.mxl,viio6/V,v,V/V,V7/V,v,2
bwv125.6.mxl,III42,i7,v64,V7/V,V,4
bwv125.6.mxl,i,iv,V,V75#3,i,7
bwv125.6.mxl,V6,V65,i,viio6/V,v,8
bwv125.6.mxl,bVII42,III6,iv65,bVII,III,10
bwv125.6.mxl,i,viio6#43,bVI,V,I,12
bwv126.6.mxl,viio#63,i,V,V75#3,i,2
bwv126.6.mxl,iii5,iv65,ii/o43,iv6,V,4
bwv126.6.mxl,III43,iv6,iv7,V,i,6
bwv126.6.mxl,I6,I65,iv,iv,I,8
bwv126.6.mxl,vi/o7,V6,i,V75#3,i,10
bwv126.6.mxl,iv6,ii/o43,iv65,bVII,III,13
bwv126.6.mxl,bVI6,III64,iv65,bVII7,III,15
bwv126.6.mxl,i42,iv6,i4,iv,I,17
bwv126.6.mxl,iv7,III6,bVII,bVII7,III,20
bwv126.6.mxl,bVI42,ii/o65,V,V75#3,bVI,22
bwv126.6.mxl,bVI,ii/o43,III6,I65,iv,24
bwv126.6.mxl,iv,i64,i4,V,I,27
bwv133.6.mxl,I6,V64,V7,iii6,I,2
bwv133.6.mxl,vi,vi6,V/vi,V75#3/vi,vi,4
bwv133.6.mxl,vi65,vi7,V/V,i43/V,V,6
bwv133.6.mxl,I6,I65,ii65,ii65,V,8
bwv133.6.mxl,IV43,V6,V7,iii65,vi,10
bwv133.6.mxl,IV,V65/V,I64,V7,I,12
bwv136.6.mxl,i,III64,iio64,iv6,V,2
bwv136.6.mxl,vi/o6#43,viio#63,i,iio6,V,4
bwv136.6.mxl,iv65,iv7,bVII,bVII,iii5,8
bwv136.6.mxl,i42,IV65,IV65,iv7,bVII,10
bwv136.6.mxl,bVI42,iio6,v5,v5,I,12
bwv140.7.mxl,V6,I,vi7,V/V,V,3
bwv140.7.mxl,V6/V,v5,v4,V/V,V,6
bwv140.7.mxl,vi42,vi,ii7,V7,I,8
bwv140.7.mxl,I6,IV,V,V7,vi5,10
bwv140.7.mxl,V,vi,IV,V,I,12
bwv140.7.mxl,V42,I6,ii7,viio6,i5,13
bwv140.7.mxl,vii/o7/V,V65/V,viio/vi,V6/vi,vi5,14
bwv140.7.mxl,IV6,I6,V,V7,vi,15
bwv140.7.mxl,vi,vi,ii7,V7,I,17
bwv144.3.mxl,vii/o43,I6,V,V7,I,2
bwv144.3.mxl,vi42,ii65,V,V7,I,4
bwv144.3.mxl,I,IV,IV7,V65/V,V,5
bwv144.3.mxl,V,V,V6,iii,vi,6
bwv144.3.mxl,V64,vi65,V/V,V7/V,V,8
bwv144.3.mxl,V42,I6,V7,V,I,10
bwv144.6.mxl,III6,iv65,III64,bVII,III,2
bwv144.6.mxl,V6#42,i6,V,V75#3,i,5
bwv144.6.mxl,v42,i65,i7,IV,bVII,8
bwv144.6.mxl,viio6#43,i6,viio42/V,viio64/V,V,10
bwv144.6.mxl,i,III64,IV65,bVII,III,12
bwv144.6.mxl,V,V75#3,I7#3,iv64,I,15
bwv145-a.mxl,iii6,vi,vi,V7/V,V,2
bwv145-a.mxl,I64,vii/o7/V,V,V7,I,4
bwv145-a.mxl,iii6,vi,vi,V7/V,V,6
bwv145-a.mxl,I64,vii/o7/V,V,V7,I,8
bwv145-a.mxl,vii/o43,vi64,V/vi,iii7,vi,10
bwv145-a.mxl,I,ii65,V,V7,I,12
bwv145.5.mxl,IV,bVII6,bVII#753,I,IV,4
bwv145.5.mxl,i6,v64,vi/o#653,V/V,V,8
bwv145.5.mxl,III6,i65,IV,IV75#3,bVII,12
bwv145.5.mxl,bVI6,v,III6,bVII6,III,16
bwv145.5.mxl,III,iio6,i64,V75#3,I,18
bwv148.6.mxl,i,i#753,iv6,iio64,V,2
bwv148.6.mxl,viio,i,viio#43,iv,V,4
bwv148.6.mxl,i,i42,iv65,bVII,III,6
bwv148.6.mxl,bVI,III64,bVII7,III43,III,8
bwv148.6.mxl,III6,IV65,ii6,IV,bVII,10
bwv148.6.mxl,i64,ii/o65,V,V75#3,I,12
bwv151.5.mxl,IV,IV7,V,V7,I,2
bwv151.5.mxl,viio6/V,V,vi6,V7/V,V,4
bwv151.5.mxl,IV6,I6,ii6,IV7,V,6
bwv151.5.mxl,viio7/vi,vi,vi6,ii7,iii,8
bwv151.5.mxl,ii65,I64,V,V7,I,10
bwv153.9.mxl,I6,V6/V,V65/V,V,V/V,4
bwv153.9.mxl,I,V,V/V,V7/V,V,8
bwv153.9.mxl,V75#3/ii,ii,I6,iv7,V,12
bwv153.9.mxl,vi,V65/V,V,V,I,16
bwv154.3.mxl,ii7,viio6,I6,V,V,2
bwv154.3.mxl,iv43,iv4,V,V7,I,4
bwv154.3.mxl,ii,ii6,V/ii,V75#3/ii,ii,6
bwv154.3.mxl,IV6,IV,I,V7/IV,IV,8
bwv154.3.mxl,iii,IV6,I,V,V,10
bwv154.3.mxl,I,V,V7,I,I,12
bwv154.8.mxl,V7,viio64,iii,V43,I,2
bwv154.8.mxl,vi65,vi7,V/V,V/V,V,5
bwv154.8.mxl,V65,iii6,IV65,V65,I,8
bwv154.8.mxl,ii65,ii7,V42,V7,I,10
bwv154.8.mxl,iii7,V65/ii,vi7,V/V,V,12
bwv154.8.mxl,viio6,ii,V,V,I,14
bwv155.5.mxl,vii/o65/IV,IV6,I,V7/IV,ii,2
bwv155.5.mxl,V,vi42,V/V,V7/V,V,4
bwv155.5.mxl,I6,iii42,V/V,V/V,V,6
bwv155.5.mxl,V6,vii/o#753/ii,ii,V43,V/ii,8
bwv155.5.mxl,V6,ii,V,V7,I,10
bwv156.6.mxl,V75#3/vi,vi,IV6,V,I,2
bwv156.6.mxl,I6,V65/V,V,V7,I,5
bwv156.6.mxl,vi42,V6/V,V65/V,V,V/V,7
bwv156.6.mxl,V6,V/ii,ii64,V65/vi,vi,9
bwv156.6.mxl,I6,i5,V,V7,I,12
bwv158.4.mxl,V65/V,v,V/V,V7/V,V,2
bwv158.4.mxl,i,ii/o65,V,V75#3,i,4
bwv158.4.mxl,V65/V,v,V/V,V7/V,V,6
bwv158.4.mxl,i,ii/o65,V,V75#3,i,8
bwv158.4.mxl,iv,iv6,i,bVII6,III,10
bwv158.4.mxl,v6,v64,V/V,V7/V,v,12
bwv158.4.mxl,i,i,ii7,bVII6,iv,14
bwv158.4.mxl,i,iv7,V,V75#3,I,16
bwv159.5.mxl,I,I,ii7,bVII6,I6b5,2
bwv159.5.mxl,I64,ii65,V,V7,I,4
bwv159.5.mxl,vii/o42,V65/vi,vi,vi6,V/vi,6
bwv159.5.mxl,viio6,ii7,viio,V7,I,8
bwv159.5.mxl,iii/ob642,V65/ii,ii,viio6,V/ii,10
bwv159.5.mxl,bIII,vi/o43,v64,V/V,V,12
bwv159.5.mxl,IV42,viio6,I6,IV7,V,14
bwv159.5.mxl,ii65,V,V,V7,I,16
bwv164.6.mxl,vi,vii/o65,V/vi,V75#3/vi,IV,2
bwv164.6.mxl,V,V42,I6,V,I,4
bwv164.6.mxl,ii,IV43,V6,I,V,6
bwv164.6.mxl,vi6,vii/o65,vii7,V/vi,vi,8
bwv164.6.mxl,I,IV7,V,V7,I,10
bwv166.6.mxl,V,bVI,iio6,V,V,3
bwv166.6.mxl,bVI,ii/o43,i64,V,i,5
bwv166.6.mxl,III,i,iv65,bVII,III,7
bwv166.6.mxl,ii/o43,i64,V,V75#3,I,9
bwv168.6.mxl,viio6#43,i64,V,V75#3,i,2
bwv168.6.mxl,V65,i#753,i,viio4b3/V,V,4
bwv168.6.mxl,viio7,V65,i,V,i,6
bwv168.6.mxl,ii6,III,v64,vio#63,bVII,8
bwv168.6.mxl,i64,ii/o65,V,V75#3,I,11
bwv169.7.mxl,ii7,ii,iii6,V,I,3
bwv169.7.mxl,iii7,IV,IV7,V,I,6
bwv169.7.mxl,ii6,V7#3/vi,vi64,V#3/vi,vi,8
bwv169.7.mxl,V65,I,vi65,I,IV,9
bwv169.7.mxl,V65/V,V6,vi65,V/V,V,13
bwv169.7.mxl,I6,ii65,V,V7,I,15
bwv172.6.mxl,vi,I6,vi42,IV6,I,2
bwv172.6.mxl,vii,vi6,vi,V7/V,V,4
bwv172.6.mxl,IV6,V65,I,V,i5,6
bwv172.6.mxl,i5,V6,I,v5,I,8
bwv172.6.mxl,ii65,ii7,V,V7,I,12
bwv172.6.mxl,iii,ii6,ii,v5,I,14
bwv174.5.mxl,V6,I,vi42,IV6,I,2
bwv174.5.mxl,IV6,iii6,vii7/V,V7#3/iii,iii,4
bwv174.5.mxl,I64,IV7,I64,V7,I,6
bwv174.5.mxl,V65/V,V7/V,V65/V,ii7,V,8
bwv174.5.mxl,ii,viio6,vi,vi6,V/vi,10
bwv174.5.mxl,vi,I43,V65/V,V,I,12
bwv174.5.mxl,iii,iii42,V65/ii,V/V,V,14
bwv174.5.mxl,I,vi6,viio#63/vi,vi,V/vi,15
bwv174.5.mxl,I6,I65,V65/V,V6/vi,vi,17
bwv174.5.mxl,V65,I,i4,V,I,19
bwv177.4.mxl,IV,IV,iv43/IV,I,IV,2
bwv177.4.mxl,V/V,V6,V,V7/V,V,4
bwv177.4.mxl,I6,i7,V/V,V7/V,V,6
bwv177.4.mxl,viio/ii,ii,ii,viio#43/vi,V/ii,8
bwv177.4.mxl,I,ii6,V6/V,V,I,10
bwv177.5.mxl,iv6,iv65,iio64,ii/o43,V,2
bwv177.5.mxl,iv,iv7,ii/o65,viio6#43,i,4
bwv177.5.mxl,III64,iv6,bVII,bVII7,III,6
bwv177.5.mxl,bVI42,ii/o65,V75#3,III+65#3,bVI,8
bwv177.5.mxl,vi/o6#43,i6,IV,IV75#3,bVII,10
bwv177.5.mxl,iv,iv42,VII##7#3/-iii,#v6/-iii,I,11
bwv177.5.mxl,ii/o65,i64,V,V75#3,I,13
bwv179.6.mxl,V6/V,V,V75#3,vi/o64#2,V,3
bwv179.6.mxl,i64,viiob753/V,V65/V,V,I,5
bwv179.6.mxl,iv,bVII7,v65,bVII,III,7
bwv179.6.mxl,viio6b5/V,viiob753/V,V,V75#3,I,9
bwv180.7.mxl,V6,I,I6,V7,I,3
bwv180.7.mxl,IV,vii/o43,I6,V7,I,5
bwv180.7.mxl,iii,vi65,II,II75#3,V,8
bwv180.7.mxl,ii43,V6,vi65,V7/V,V,10
bwv180.7.mxl,I,ii6,IV7,V,V,12
bwv180.7.mxl,IV,vii/o43,I6,V7,I,15
bwv183.5.mxl,i7,i,bVI6,V#643,viio#63,2
bwv183.5.mxl,V6,iv6,iio6,V,i,4
bwv183.5.mxl,iv7,V,bVI7,iv6,V,6
bwv183.5.mxl,IV6,i43,ii6,IV7#3,bVII,8
bwv183.5.mxl,IV,III+6,ii/o43,iv7,V,10
bwv183.5.mxl,viio6#43,iv6,V75#3,I#64#3,I,12
bwv184.5.mxl,IV,V7,vi,V,I,2
bwv184.5.mxl,IV6,vi42,IV7,V7,I,5
bwv184.5.mxl,I,I,V,I,IV,6
bwv184.5.mxl,I6,V6/V,V65/V,V6/vi,vi,7
bwv184.5.mxl,V64,vi65,V/V,V7/V,V,9
bwv184.5.mxl,vi64,V42,I6,V,I,11
bwv184.5.mxl,IV6,vi42,IV7,V7,I64,14
bwv187.7.mxl,ii7,i6,viio4b3/V,viio4b3/V,V,4
bwv187.7.mxl,V,i,ii/o65,V,i,8
bwv187.7.mxl,vio,bVII,i65,IV,bVII,12
bwv187.7.mxl,V/V,III,vi/o#653,V/V,V,16
bwv187.7.mxl,bVII7,V6,V7#3,i,V,20
bwv187.7.mxl,ii,viio#653,i6,iv7,V,24
bwv187.7.mxl,i,ii/o65,V,V75#3,I,28
bwv190.7-inst.mxl,V43/IV,ii64,viio6/IV,IV,IV/IV,2
bwv190.7-inst.mxl,V65/vi,vi,V65/V,V,I,4
bwv190.7-inst.mxl,V/vi,vi,ii43,vi,vi,6
bwv190.7-inst.mxl,I,I,V,V,I,8
bwv190.7-inst.mxl,V43/IV,ii64,viio6/IV,IV,IV/IV,10
bwv190.7-inst.mxl,V65/vi,vi,V65/V,V,I,12
bwv190.7-inst.mxl,V/vi,vi,ii43,vi,vi,14
bwv190.7-inst.mxl,I,I,V,V,I,16
bwv190.7-inst.mxl,iii,V7,V,I,I,18
bwv190.7-inst.mxl,iii,V7,V,I,I,20
bwv190.7-inst.mxl,ii,viio6/IV,V/ii,V/ii,ii,24
bwv190.7-inst.mxl,ii,viio6/IV,V/ii,V/ii,ii,28
bwv190.7-inst.mxl,V65/vi,vi,V65/V,V,I,32
bwv190.7.mxl,V43/IV,ii64,viio6/IV,IV,IV/IV,2
bwv190.7.mxl,V65/vi,vi,V65/V,V,I,4
bwv190.7.mxl,V/vi,vi,ii43,vi,vi,6
bwv190.7.mxl,I,I,V,V,I,8
bwv190.7.mxl,V43/IV,ii64,viio6/IV,IV,IV/IV,10
bwv190.7.mxl,V65/vi,vi,V65/V,V,I,12
bwv190.7.mxl,V/vi,vi,ii43,vi,vi,14
bwv190.7.mxl,I,I,V,V,I,16
bwv190.7.mxl,iii,V7,V,I,I,18
bwv190.7.mxl,iii,V7,V,I,I,20
bwv190.7.mxl,ii,viio6/IV,V/ii,V/ii,ii,24
bwv190.7.mxl,ii,viio6/IV,V/ii,V/ii,ii,28
bwv190.7.mxl,V65/vi,vi,V65/V,V,I,32
bwv194.6.mxl,V,V,i43,V/V,V,2
bwv194.6.mxl,I6,V65,I,V,I,4
bwv194.6.mxl,ii,vii/o65,I6,V7,I,6
bwv194.6.mxl,IV42,iii6,IV6,I,V,8
bwv194.6.mxl,vi6,III+7#53/vi,vii/o43/V,III+7#53/vi,vi,11
bwv194.6.mxl,iii7,I,V,V,I,13
bwv194.12.mxl,V42,I6,ii65,V,I,4
bwv194.12.mxl,V6,vi7,V43/V,#ivo63b3,V,8
bwv194.12.mxl,V64,II,ii7,V64,V,12
bwv194.12.mxl,I6,ii65,V,i43,I,16
bwv197.5.mxl,I6,vi,ii65,V,I,3
bwv197.5.mxl,I43,IV,IV42,viio6,I,6
bwv197.5.mxl,ii6,V7#3/vi,vi64,V#3/vi,vi,8
bwv197.5.mxl,ii7,V7,iii42,I6,IV,9
bwv197.5.mxl,iii7,V65/V,V6,V7/V,V,12
bwv197.5.mxl,viiob753/V,i4,V,V7,I,14
bwv197.10.mxl,i64,iio6,iv7,V,V,2
bwv197.10.mxl,i64,ii/o65,iv7,V7#3,i,5
bwv197.10.mxl,III,iv65,bVII,iii43,III,7
bwv197.10.mxl,ii/o43,i64,V,V75#3,I,9
bwv226.2.mxl,V7,vi,IV6,I6,V,2
bwv226.2.mxl,V,I,I42,viio6/V,V,3
bwv226.2.mxl,viio6,I6,V,V7,I,5
bwv226.2.mxl,I6,I7,V/V,V7/V,V,8
bwv226.2.mxl,ii,III+6/vi,V/vi,ii6,V/vi,13
bwv226.2.mxl,V,I,iii43,viio6/V,V,14
bwv226.2.mxl,I,IV7,V,V7,I,16
bwv226.2.mxl,V,I6,i7,V42/V,V,19
bwv226.2.mxl,ii6,ii6,ii,V7,I,22
bwv226.2.mxl,I6,IV7,IV,vii/o43,I,24
bwv226.2.mxl,ii65,ii7,V,V7,I,25
bwv227.11.mxl,i64,ii/o65,V,V75#3,i,2
bwv227.11.mxl,III,v43,i,i6,V,4
bwv227.11.mxl,ii/o43,i64,V,V75#3,i,6
bwv227.11.mxl,III,iv65,bVII,bVII7,III,8
bwv227.11.mxl,v,vi/o#653,V/V,V7/V,V,11
bwv227.11.mxl,i64,ii/o65,V,V75#3,I,13
bwv227.7.mxl,V,V75#3,i,i6,ii7,2
bwv227.7.mxl,iv6,iv6,V,V#3,viio#43,4
bwv227.7.mxl,I65,I7#3,iv,iv,I,6
bwv227.7.mxl,V7/V,V#3,V,v,v7,11
bwv227.7.mxl,I#3,I7#3,ii/o7,iv,I,13
bwv244.3.mxl,i,i,V65,i,V,3
bwv244.3.mxl,III43,iv65,bVII,bVII7,III,6
bwv244.3.mxl,iv#753,iv,viio#43,iv,V65,9
bwv244.3.mxl,viio#653,i6,V,V75#3,I,11
bwv244.10.mxl,I,iii43,IV65,V65,I,2
bwv244.10.mxl,V,iii,vi7,viio6/V,V,4
bwv244.10.mxl,ii,viio6,I,I6,V,6
bwv244.10.mxl,V65/ii,ii,ii,V43,V/ii,8
bwv244.10.mxl,iii7/V,V6/vi,I42,vi6,V/vi,10
bwv244.10.mxl,IV7,V,iii65,V7,I,12
bwv244.25.mxl,III6,iv65,III64,bVII,III,2
bwv244.25.mxl,i,ii/o65,V,V75#3,i,4
bwv244.25.mxl,v42,I65,ii6,IV7#3,bVII,6
bwv244.25.mxl,i6,i6,vio#63,viio64/V,V,8
bwv244.25.mxl,III43,IV65,v6,bVII7,III,10
bwv244.25.mxl,ii/o43,i64,V65/V,V,I,12
bwv244.32.mxl,IV6,iv7,V,V7,I,3
bwv244.32.mxl,I6,v4,vi65,V/V,V,5
bwv244.32.mxl,I,vi,vii/o7/V,V65/V,V,7
bwv244.32.mxl,I,I7,IV,viio#63/ii,ii,8
bwv244.32.mxl,vi,vi7,ii43,iiio6,IV,9
bwv244.32.mxl,vi42,V65/V,V,V7,I,11
bwv244.37.mxl,I,iii43,IV65,V65,I,2
bwv244.37.mxl,V,iii,vi7,viio6/V,V,4
bwv244.37.mxl,I,i5,IV,IV7,V,6
bwv244.37.mxl,V65/ii,ii,ii,v43,V/ii,8
bwv244.37.mxl,vi7,I64,V43/V,viio6/V,V,10
bwv244.37.mxl,IV6,I64,V,V7,I,12
bwv244.40.mxl,vii/o7,I,IV43,V,V,2
bwv244.40.mxl,I,ii65,ii6,V,I,4
bwv244.40.mxl,vii/o7,I,IV43,V,V,6
bwv244.40.mxl,I,ii65,ii6,V,I,8
bwv244.40.mxl,ii65/IV,vii/o65/IV,V/ii,V75#3/ii,ii,10
bwv244.40.mxl,IV/IV,IV64,V7/IV,IV43,IV,12
bwv244.40.mxl,IV6,vi42,vii/o7/V,V,V,14
bwv244.40.mxl,I64,V7,I43,I,I,16
bwv244.44.mxl,V65,I,ii65,V,I,2
bwv244.44.mxl,vi6,vi4,V/vi,V75#3/vi,vi,4
bwv244.44.mxl,V43,IV64,I,ii42,I,6
bwv244.44.mxl,vii/o42/IV,viio7/ii,IV42,ii6,V/ii,8
bwv244.44.mxl,V64,V64,V65/ii,V/V,V,10
bwv244.44.mxl,ii,viio6,I6,V,I,12
bwv244.46.mxl,i,i,viio7,i,V,3
bwv244.46.mxl,ii42,i42,vi/o7,bVII7,III,6
bwv244.46.mxl,v42,#iiio5b3,iv#753,iv,i,9
bwv244.46.mxl,viio#63,i6,V,V75#3,I,11
bwv244.54.mxl,viio6,I,ii65,V,I,2
bwv244.54.mxl,vi6,vi4,V/vi,V75#3/vi,vi,4
bwv244.54.mxl,V43,IV64,I,ii42,I,6
bwv244.54.mxl,ii6,V65/ii,ii,ii,V/ii,8
bwv244.54.mxl,I6,V64,vi65,V/V,V,10
bwv244.54.mxl,viio6,I6,V,V,I,12
bwv245.3.mxl,i,i,viio7,i,V,3
bwv245.3.mxl,##iob7b53/-vi,IV65,bVII,bVII7,III,6
bwv245.3.mxl,bVI65,iv43,bVI6,bVII65,III,9
bwv245.3.mxl,i,V65/V,V,V75#3,I,11
bwv245.11.mxl,V42/IV,IV65,ii64,ii43,V6/vi,2
bwv245.11.mxl,I6,V,I,viio7/iii,iii,4
bwv245.11.mxl,ii42,I,viio64,iv7,V,6
bwv245.11.mxl,I,V65/ii,ii,viio#653/vi,V/ii,8
bwv245.11.mxl,iii6,iii6,vi42,V65/V,V,10
bwv245.11.mxl,I6,IV,I64,V7,I,12
bwv245.14.mxl,vi,V6,I,IV6,V65/IV,2
bwv245.14.mxl,I,ii42,V7,iii65,I,4
bwv245.14.mxl,IV6,I,viio7/vi,vi,V/vi,6
bwv245.14.mxl,III+43/ii,V65/ii,viio6,ii42,V65/vi,8
bwv245.14.mxl,IV6,vii/o7,I,V,I,10
bwv245.14.mxl,ii/IV,V65/ii,V/V,V7/V,V,12
bwv245.14.mxl,IVb753,IV7/IV,ii7/IV,V75#3/ii,ii,14
bwv245.14.mxl,I6,V7,iii65,V7,I,16
bwv245.17.mxl,iv6,bVI,ii/o43,iv7,V,3
bwv245.17.mxl,i,iv65,bVII42,bVII,III,6
bwv245.17.mxl,i5,I65,bVI42,iv6,I,9
bwv245.17.mxl,ii/o65,ii/o7,V,V75#3,I,11
bwv245.22.mxl,vi7,ii7,vii/o65,I6,V,2
bwv245.22.mxl,V,vi42,vi6,V/V,V,4
bwv245.22.mxl,iii6,IV65,V65,I,V,6
bwv245.22.mxl,I,I,iv43,V,I,8
bwv245.26.mxl,I,IV,V6/vi,vi,vi,2
bwv245.26.mxl,ii6,ii7,I64,V,I,4
bwv245.26.mxl,V6/V,V7/V,V,V,V,6
bwv245.26.mxl,V64,vi65,V/V,V7/V,V,8
bwv245.26.mxl,I42,IV6,viio7/ii,ii,vi,10
bwv245.26.mxl,I64,V65/V,V,V7,I,12
bwv245.28.mxl,V,I,I7,V/V,V,2
bwv245.28.mxl,I,ii65,V,V7,I,4
bwv245.28.mxl,iii6,ii6,IV42,ii7,V/vi,6
bwv245.28.mxl,V65,V6,IV6,V65,I,8
bwv245.28.mxl,I6,ii65,I64,V,I,10
bwv245.28.mxl,viio6/V,V,vi65,V/V,V,12
bwv245.28.mxl,I6,ii7,viio6,I,V,14
bwv245.28.mxl,vi42,V65/V,V,V7,I,16
bwv245.40.mxl,I64b3,IV,IV,vii/o43,I,2
bwv245.40.mxl,IV,ii65,vii/o43,ii6,iii,4
bwv245.40.mxl,ii6,V65/V,I64,V7,I,7
bwv245.40.mxl,I64b3,IV,IV,vii/o43,I,9
bwv245.40.mxl,IV,ii65,vii/o43,ii6,iii,11
bwv245.40.mxl,ii6,V65/V,I64,V7,I,14
bwv245.40.mxl,iii6,V65/V,vi64,V7/V,V,16
bwv245.40.mxl,viio6,I6,iii,V6/V,V,18
bwv245.40.mxl,ii43,ii65,I64,V,I,20
bwv245.40.mxl,iii,I7,vi7,V/V,V,22
bwv245.40.mxl,iii65,V7,vi,viio6/V,V/vi,23
bwv245.40.mxl,vi,viiob753/V,V65/V,V,I,25
bwv245.40.mxl,V65,I,V65/V,V,I,28
bwv248.9-s.mxl,iii7,IV,vi43,viio6,I,2
bwv248.9-s.mxl,V43/IV,IV,I6,V65,I,4
bwv248.9-s.mxl,I6,V64,vi65,V/V,V,6
bwv248.9-s.mxl,iii,IV64,iv43,V7,I,8
bwv248.12-2.mxl,V42/V,V6,V64,V7/V,V,2
bwv248.12-2.mxl,iii7,I,V,V7,I,4
bwv248.12-2.mxl,i#753/ii,viio7/vi,V/ii,V75#3/ii,ii,6
bwv248.12-2.mxl,viio7/iii,V65/iii,vi64,V7#3/vi,vi,8
bwv248.12-2.mxl,vi,V65/V,V65/V,V7/V,V,10
bwv248.12-2.mxl,ii65,vii/o43,ii6,V,I,12
bwv248.23-s.mxl,IV7,ii6,iii6,V,I,2
bwv248.23-s.mxl,V65/ii,ii,ii7,viio6#43/vi,vi,4
bwv248.23-s.mxl,V6,vi65,V/V,V7/V,V,6
bwv248.23-s.mxl,IV6,I64,ii65,V,I,8
bwv248.33-3.mxl,#v6/--iii,##iii/ob64b3/--iii,IV64,I,IV,3
bwv248.33-3.mxl,I,IV,I,V6/ii,ii,4
bwv248.33-3.mxl,ii,vi,IV6,I6,V,5
bwv248.33-3.mxl,I64,ii65,V,V7,I,8
bwv248.33-3.mxl,IV6,V65,IV64,V65/ii,ii,10
bwv248.33-3.mxl,V65/ii,ii,iii,V/ii,ii,11
bwv248.33-3.mxl,vi,ii43,iii6,vi7,V6,12
bwv248.33-3.mxl,I6,ii65,V,V7,I,14
bwv248.35-3.mxl,i,i6,V,V75#3,bVI,1
bwv248.35-3.mxl,iv6,i64,V,V75#3,i,2
bwv248.35-3.mxl,i,ii7,viio#63,i6,V,3
bwv248.35-3.mxl,ii/o65,ii7,V,V,i,6
bwv248.35-3.mxl,iv6,V7#3,viiob753/V,V65/V,V,7
bwv248.35-3.mxl,III,IV,IV65,IV7#3,bVII,8
bwv248.35-3.mxl,viio#63,ii,V,V75#3,i,11
bwv248.42-s.mxl,vi42,IV6,vi,IV,I,5
bwv248.42-s.mxl,I64,IV6,V65,I,V,9
bwv248.42-s.mxl,vi42,IV6,vi,IV,I,14
bwv248.42-s.mxl,I64,IV6,V65,I,V,18
bwv248.42-s.mxl,V65/vi,iii64/V,V65/vi,V6/vi,vi,23
bwv248.42-s.mxl,IV,ii65,V,V7,I,28
bwv248.46-5.mxl,IV6,iv7,V,V7,I,3
bwv248.46-5.mxl,V42/V,V6,V,V/V,V,5
bwv248.46-5.mxl,ii,viio6,I,vii/o43/V,V,7
bwv248.46-5.mxl,vi42,ii6,iii,viio#63/ii,ii,8
bwv248.46-5.mxl,V75#3/ii,IV/IV,ii43,viio6/IV,IV,9
bwv248.46-5.mxl,ii65,ii7,V,V,I,12
bwv248.53-5.mxl,V65/V,V,V/V,V7/V,V,2
bwv248.53-5.mxl,V6,I,IV,V,I,4
bwv248.53-5.mxl,I,V42/V,V,vi42,V,6
bwv248.53-5.mxl,v7,V,v7,I,I,8
bwv248.59-6.mxl,ii65,ii7,V,V,I,2
bwv248.59-6.mxl,I,i4,V7,iii65,I,4
bwv248.59-6.mxl,V/vi,vi,vii7,I,V,6
bwv248.59-6.mxl,vi,I64,vii/o43,ii6,V/vi,8
bwv248.59-6.mxl,I,i4,V7,iii65,I,10
bwv250.mxl,I64,vi42,V7,iii65,I,2
bwv250.mxl,IV7,IV,V,i43,I,4
bwv250.mxl,IV,IV7,V6/V,V65/V,V,5
bwv250.mxl,I6,v43,I6,viio/IV,IV,6
bwv250.mxl,vi65,vi7,V/V,V42/V,V,8
bwv250.mxl,IV6,ii65,ii7,V,I,10
bwv251.mxl,iv43/IV,i5,vi65,v7/IV,ii,2
bwv251.mxl,V6,iii,vi65,V7/V,V,4
bwv251.mxl,V42,I6,I7,ii5,V,6
bwv251.mxl,V6,V65/ii,ii,viio6,V/ii,8
bwv251.mxl,vi,vi,ii65,V,I,10
bwv252.mxl,I,IV,IV6,ii6,I,2
bwv252.mxl,ii6,vii/o43,ii65,V,I,4
bwv252.mxl,viio,V7,I,I6,V,6
bwv252.mxl,vi7,V/V,i43/V,V7/V,V,8
bwv252.mxl,IV65,bVII,iii/o65b3,V/ii,ii,10
bwv252.mxl,I,ii6,v5,V7,I,12
bwv253.mxl,IV6,IV/IV,IV7/IV,I,IV,2
bwv253.mxl,I6,i4,V,V7,I,5
bwv253.mxl,V42/V,V6,vi7,viio6/V,V,7
bwv253.mxl,I6,i4,V,V7,I,10
bwv254.mxl,iio64,iv6,bVII,bVII7,III,3
bwv254.mxl,i,ii/o65,V,V75#3,i,6
bwv254.mxl,V6,i,iv,iio6,V,7
bwv254.mxl,v6,i42,III64,IV6,bVII,8
bwv254.mxl,i,ii/o65,V,V75#3,I,11
bwv256.mxl,bVI7,bVI,bVII,bVII7,III,2
bwv256.mxl,i64,ii/o65,V,V75#3,I,4
bwv256.mxl,iv6,iio64,i,i6,V,6
bwv256.mxl,III7,III,IV,IV75#3,bVII,8
bwv256.mxl,ii/o65,ii7,V,V,I,10
bwv257.mxl,i,III64,iv6,bVII7,III,2
bwv257.mxl,iv6,ii/o65,V,V75#3,i,4
bwv257.mxl,IV6,V65,vio#63,i6,V,6
bwv257.mxl,v6,bVI6,bVI6,ii/o7,III,8
bwv257.mxl,ii/o65,ii/o7,V,V75#3,I,10
bwv258.mxl,III,IV65,bVII,bVII7,III,2
bwv258.mxl,i64,ii/o65,V,v7,i,4
bwv258.mxl,III43,viio7,i,viiob753/V,V,6
bwv258.mxl,bVII,I65,IV,IV75#3,bVII,8
bwv258.mxl,i64,ii/o65,V,V75#3,i,10
bwv259.mxl,iv42,bVII6,bVII,III,III,2
bwv259.mxl,iv7,bVII,bVII,bVII7,III,4
bwv259.mxl,ii7,V,V,V75#3,i,6
bwv259.mxl,vi/o#653,vi/o7,V/V,v,v,8
bwv259.mxl,iv7,bVII,bVII,bVII7,III,10
bwv259.mxl,ii7,V,V,V75#3,I,12
bwv260.mxl,V43,vi,iii6,ii6,V/vi,2
bwv260.mxl,I6,IV,IV7,V,I,4
bwv260.mxl,ii6,vii/o65/IV,V/ii,V75#3/ii,ii,6
bwv260.mxl,ii6,vi,iii6,ii6,V/vi,8
bwv260.mxl,I6,IV,IV7,V,I,10
bwv261.mxl,i,III43,IV65,bVII,III,3
bwv261.mxl,i43,ii/o65,V,V75#3,i,7
bwv261.mxl,bVI,bVI42,iv,V6,i,9
bwv261.mxl,bVI6,III43,iv6,I65,iv,12
bwv261.mxl,v,I6,iv6,bVII7,I,14
bwv261.mxl,bVI,III6,III64,bVII7,III,16
bwv261.mxl,i43,ii/o65,V,V75#3,I#3,20
bwv262.mxl,i4,V,V7,I,I,2
bwv262.mxl,ii65,ii7,V,i43,I,4
bwv262.mxl,V64,vi65,V7/V,V,V,6
bwv262.mxl,vi6,V/vi,V75#3/vi,vi,vi,8
bwv262.mxl,vi7,vi7,V43/V,viio6/V,V,10
bwv262.mxl,ii65,ii7,V,i43,I,12
bwv263.mxl,ii42,V6,V,I,I,2
bwv263.mxl,vi7,V6/V,V/V,V,V,4
bwv263.mxl,I,V,V/V,I43/V,V,6
bwv263.mxl,IV64,V6,v5,I,I,8
bwv263.mxl,vi7,V6/V,V/V,V,V,10
bwv263.mxl,IV6,I64,V,i43,I,12
bwv264.mxl,I7,vi65,V,V7,I,2
bwv264.mxl,iii65,I64,V,V7,I,4
bwv264.mxl,I,ii7,viio6,I6,V,6
bwv264.mxl,vi,ii43,vi,viio6/V,V,8
bwv264.mxl,IV,I64,V,V7,I,10
bwv265.mxl,III6,iv65,bVII,bVII42,III,2
bwv265.mxl,v,vi/o#653,V/V,V7/V,V,4
bwv265.mxl,V6,vi7,V6,V#3,i,6
bwv265.mxl,viio#63,i6,V,V75#3,I,8
bwv267.mxl,V6,I7,ii,V7,I,2
bwv267.mxl,IV,IV7,I64,V7,I,4
bwv267.mxl,vii7,V6,I,V7,I,6
bwv267.mxl,IV,vi,V7/V,V/V,V,8
bwv267.mxl,viio,V6/ii,i#753/ii,ii,V/ii,10
bwv267.mxl,viio6/IV,III+6/ii,ii64,V75#3/ii,ii,12
bwv267.mxl,V6/V,V65/V,ii/IV,V7/V,V,14
bwv267.mxl,ii7,ii65,V,V7,I,17
bwv269.mxl,IV,IV42,viio6,I,V,4
bwv269.mxl,I6,ii65,V,V7,I,7
bwv269.mxl,I6,I6,V43,I,V,10
bwv269.mxl,V7,I,I6,V7/IV,IV,14
bwv269.mxl,V7,vi42,IV,I,V,18
bwv269.mxl,vi42,ii65,V,V7,I,21
bwv272.mxl,III64,iv65,bVII,III,III,2
bwv272.mxl,viio64b3/V,viio7/ii,v64,V7/V,v,4
bwv272.mxl,bVII6,bVII,i7,bVII65,III,6
bwv272.mxl,##iob7b53/-vi,bVII,v6,bVII7,III,8
bwv272.mxl,viio,viio6b5/V,i64,viiob753/V,V,10
bwv272.mxl,viio#63,i6,V,V75#3,i,12
bwv274.mxl,i6,ii/o65,V,V75#3,i,3
bwv274.mxl,III64,i42,vio,IV65,bVII,5
bwv274.mxl,i6,ii/o65,V,V75#3,i,8
bwv274.mxl,i6,ii/o65,V,V75#3,I,10
bwv276.mxl,v,bVI7,iv6,i,i,2
bwv276.mxl,viio6#43,bVI,V,V75#3,i,4
bwv276.mxl,III6,III6,bVI,iio6,III,6
bwv276.mxl,ii/o42,V65,i,vio#63,V,8
bwv276.mxl,iv,iv64,I,ii42,I,10
bwv276.mxl,bvii43,III6,iii5,bVI,III,12
bwv276.mxl,i6,i4,V,V75#3,bVI,14
bwv276.mxl,v,v7,III6,bVII6,III,16
bwv276.mxl,i6,v,i7,vio#63,bVII,18
bwv276.mxl,iv6,iv6,iv,I,I,20
bwv276.mxl,i,bVI6,v64,bVII6,III,22
bwv276.mxl,bVI,v6,III64,bVII7,III,23
bwv276.mxl,V65,i,ii7,#iii/o7,iv,24
bwv276.mxl,III6,i,iv65,bVII,III,26
bwv276.mxl,V42/V,v6,vi7,viio6/V,V,28
bwv276.mxl,IV64,I,iv64,ii42,I,30
bwv277.mxl,III,vi/o#653,V/V,V7/V,V,2
bwv277.mxl,i,V,i6,V,i,4
bwv277.mxl,III,vi/o#653,V/V,V7/V,V,6
bwv277.mxl,i,V,i6,V,i,8
bwv277.mxl,i,III64,iv65,bVII,III,10
bwv277.mxl,V65/V,III,vi/o#653,V/V,v,12
bwv277.mxl,ii/o43,III+65#3,i6,viio6#43,bVI,14
bwv277.mxl,III+6,i64,V75#3,I,I,16
bwv278.mxl,V65/V,III,vi#65,V7/V,V,2
bwv278.mxl,i4#3,vi4#2,V,V75#3,i,4
bwv278.mxl,V65,i,III64,iv6,V,6
bwv278.mxl,V7/V,III,vi/o#653,V/V,v,8
bwv278.mxl,bVII,i42,vi/o7,bVII6,IV,10
bwv278.mxl,bVI,ii/o65,V,V75#3,I,12
bwv279.mxl,V65/V,v,V/V,V7/V,V,2
bwv279.mxl,i,ii/o65,V,V75#3,i,4
bwv279.mxl,V65/V,v,V/V,V7/V,V,6
bwv279.mxl,i,ii/o65,V,V75#3,i,8
bwv279.mxl,iv,iv6,i,bVII6,III,10
bwv279.mxl,v6,v64,V/V,V7/V,v,12
bwv279.mxl,i,i,ii7,bVII6,iv,14
bwv279.mxl,i,iv7,V,V75#3,I,16
bwv280.mxl,III7,i6,V,i4#3,i,2
bwv280.mxl,bVII6,iv,bvii43,I,iv,4
bwv280.mxl,III,i,i4,V,i,6
bwv280.mxl,iv7,V,III+65#3,V75#3,i,8
bwv280.mxl,v42,I6,I65,iv,I,10
bwv280.mxl,#v7/-iii,I,bVI+65#3,I75#3,iv,12
bwv280.mxl,iv6,i64,V,V75#3,I,14
bwv281.mxl,IV6,V,V6,V,I,2
bwv281.mxl,viio6,I,I6,V,I,4
bwv281.mxl,iii42,vi65,vi7,V/V,V,6
bwv281.mxl,I6,ii65,V,V7,I,8
bwv282.mxl,I64,V,vi42,V,I,4
bwv282.mxl,ii6,ii,V7,iii65,V7,10
bwv282.mxl,ii6,IV7,viio64,ii6,V/vi,12
bwv282.mxl,vi,V7/V,V/V,V7/V,V,16
bwv282.mxl,IV,IV7,I64,V7,I,19
bwv285.mxl,III,III,i65,viio#63,i,2
bwv285.mxl,i6,i6#53,bVI7,iv6,V,4
bwv285.mxl,iv6,V,V#3,V7#3,i,6
bwv285.mxl,v7,bVI7,bVII,bVII7,i,8
bwv285.mxl,iio6,III,III6,bVII,III,10
bwv285.mxl,i64,i4,V,V7#3,I,12
bwv286.mxl,bVII,bVII7,i,V,V,3
bwv286.mxl,i64,ii/o65,V,V75#3,I,6
bwv287.mxl,iii6,IV6,IV65,V65,I,2
bwv287.mxl,V42,iii7,I,V7,I,4
bwv287.mxl,V65,I,I6,IV7,V,6
bwv287.mxl,vi65,II,vii6,II7#3,V,8
bwv287.mxl,vii/o42/IV,viio7/ii,ii,IV,V/ii,10
bwv287.mxl,V42,iii7,I,V7,I,12
bwv290.mxl,V,V6/vi,vi,V6,I,2
bwv290.mxl,I,I7,V/V,V7/V,V,4
bwv290.mxl,V65,I,I,iv43,V,6
bwv290.mxl,ii43,vi,V,V7,I,8
bwv292.mxl,V42,I6,V65/IV,IV,I,2
bwv292.mxl,vi65,vi7,V/V,V7/V,V,4
bwv292.mxl,IV6,V65,iii64,V6,I,6
bwv292.mxl,ii65,ii7,V,V7,I,8
bwv292.mxl,vi65,V/V,V/V,V7/V,V,10
bwv292.mxl,viio6,I,V6,V65,I,12
bwv292.mxl,ii6,V,V,V7,I,14
bwv294.mxl,IV,IV7,V,V7,I,2
bwv294.mxl,V7,vi,vi,V,I,4
bwv294.mxl,V65,I,I42,viio6/V,V,6
bwv294.mxl,V65,I,V,V7,I,8
bwv294.mxl,iii6,V/V,iii6/V,V7/V,V,10
bwv294.mxl,IV,IV7,V,V7,I,12
bwv294.mxl,vi7,V/V,V/V,V7/V,V,14
bwv294.mxl,I6,i5,V,V7,I,16
bwv295.mxl,bVI42,iv6,bVI+,iv,i,4
bwv295.mxl,III,iv65,bVII,iii43,III,8
bwv295.mxl,III42,i6,III+,viiob753/V,V,12
bwv295.mxl,i,ii/o65,V,i4#3,I,16
bwv296.mxl,V6,V42/IV,IV6,V65,I,2
bwv296.mxl,ii6,iii/o65b3,V/ii,V75#3/ii,ii,4
bwv296.mxl,ii65,V42/V,v6,ii43,v,6
bwv296.mxl,IV6,V6,I,V7,I,8
bwv296.mxl,IV6,v7b3,IV6,IV,bVII,10
bwv296.mxl,V65,I,IV,V65/V,V,12
bwv296.mxl,I64,IV7,V,V7,I,14
bwv297.mxl,i,i,iv,iio6,i,1
bwv297.mxl,i7,V/V,V/V,V7/V,V,3
bwv297.mxl,bVI7,ii/o43,vi/o64#2,viiob753/V,V,4
bwv297.mxl,iv6,bVII,bVII,bVII7,III,6
bwv297.mxl,bVI,ii/o65,V,V75#3,i,7
bwv297.mxl,bVII,v6,bVI6,bVII65,III,9
bwv297.mxl,III,i,III6,bVI,III,10
bwv297.mxl,ii/o65,ii65,V,i4#3,I,11
bwv299.mxl,vi,IV,V,V7,I,4
bwv299.mxl,I6,ii7,I6,V42/V,V,8
bwv299.mxl,viio,iii/o65b3,V/ii,III+6/ii,ii,12
bwv299.mxl,IV42,IV,V7,I43,I,16
bwv301.mxl,v,vi/o#653,V/V,V7/V,V,3
bwv301.mxl,i,ii/o65,V,i4#3,i,5
bwv301.mxl,bVII65,III,iv65,iv65,III,8
bwv301.mxl,ii/o43,iv6,bVII,bVII42,III,10
bwv301.mxl,bVI,i43,viiob753/V,V65/V,V,12
bwv301.mxl,i6,ii/o65,ii/o7,V,I,14
bwv302.mxl,I,I7,V/V,V7/V,V,2
bwv302.mxl,vi64,viio6,I,V7,I,4
bwv302.mxl,vi6,V6,I,V/V,V,6
bwv302.mxl,I,IV,IV7,V,I,7
bwv302.mxl,viio6/V,V6,vi65,V/V,V,8
bwv302.mxl,iii42,V6/ii,V65/ii,ii,V/ii,10
bwv302.mxl,I,ii65,V,V7,I,12
bwv303.mxl,viio6,V64,I,V/V,V,2
bwv303.mxl,IV6,iv7,V,V7,I,4
bwv303.mxl,V,I,V/V,V7/V,V,6
bwv303.mxl,IV6,I6,ii,V7,I,7
bwv303.mxl,viio6/V,V6,vi65,V/V,V,8
bwv303.mxl,V7/IV,V6/ii,V65/ii,ii,V/ii,9
bwv303.mxl,IV6,IV7,V,V,I,11
bwv304.mxl,vii/o43,iii,V43,I,I,2
bwv304.mxl,ii42,V6,I,V,I,4
bwv304.mxl,V65/iii,V6/iii,V/vi,vi,vi,6
bwv304.mxl,V6,V6,I,iii6,I,8
bwv304.mxl,IV6,IV7,V,I,I,17
bwv304.mxl,IV6,I64,V,V7,I,25
bwv306.mxl,I7,I,I42,viio6/V,V,4
bwv306.mxl,I64,ii65,vii/o43,ii6,V/vi,8
bwv306.mxl,IV,IV7,V,V7,vi,12
bwv306.mxl,IV,IV7,V,V7,I,16
bwv307.mxl,vi42,ii6,ii65,V,I,2
bwv307.mxl,I,ii65,V,V7,I,4
bwv307.mxl,viio#63/vi,vi,vii/o42,I6,V,6
bwv307.mxl,iii43,vi,I43,ii6,V/vi,8
bwv307.mxl,I,ii65,V,V7,I,10
bwv308.mxl,vi,V7,I,Ib753,IV,2
bwv308.mxl,IV,i43,vi42,V,I,4
bwv308.mxl,V6,V/V,iii6/V,V7/V,V,6
bwv308.mxl,ii42,V65,I,V,I,8
bwv308.mxl,I,i43,vi42,V,I,10
bwv309.mxl,bVI,i64,ii/o65,V,i,2
bwv309.mxl,V6,V75#3,i,viiob753/V,V,4
bwv309.mxl,viiob753/V,i64,i4,V,i,6
bwv309.mxl,iv6,bVI7,ii/o43,iv6,V,8
bwv309.mxl,bVI42,i64,ii/o65,ii/o7,V,10
bwv309.mxl,iv6,#v7/-iii,iv4,I,iv,12
bwv309.mxl,i,iv7,V,V7#3,I,13
bwv310.mxl,iv7,bVII43,iv,bVII7,III,3
bwv310.mxl,i,IV64,IV,IV75#3,bVII,6
bwv310.mxl,iv,iv7,V,V75#3,bVI,8
bwv310.mxl,viio#63,i,V,V75#3,I,10
bwv313.mxl,V7#3,i,III+#642,i6,V,2
bwv313.mxl,III6,iv65,iv7,bVII,III,4
bwv313.mxl,V6,viio,i,viiob753/V,V,6
bwv313.mxl,iv64,V#3,i64,V7#3,I,9
bwv314.mxl,IV6,IV,I,Ib753,IV,2
bwv314.mxl,V6,V65,I,V,I,4
bwv314.mxl,V,V65/V,V,V/V,V,6
bwv314.mxl,IV,vii/o43,I6,vii/o7/V,V,9
bwv314.mxl,I6,V65/IV,iv5,IV,I,10
bwv315.mxl,V7#3,i,i,iv43,i,3
bwv315.mxl,III,iv65,bVII,bVII7,III,5
bwv315.mxl,bVI+6,I,iv,v42,iv,7
bwv315.mxl,iio6,iv,V,vi4#2,V,10
bwv315.mxl,iv6,i64,V75#3,i64#3,i,12
bwv316.mxl,ii,V,V,V75#3,i,2
bwv316.mxl,i,v6,vi7,viio6/V,v,4
bwv316.mxl,ii65,V,V,V75#3,i,6
bwv316.mxl,III6,iv65,bVII,bVII7,III,8
bwv316.mxl,i6,i,V,V75#3,I,10
bwv317.mxl,viio6,I,vi7,viio6/V,V,2
bwv317.mxl,viio6,I6,V,V42,I,4
bwv317.mxl,V7,vi,vi42,ii6,V/vi,6
bwv317.mxl,I6,V64,V/V,V7/V,V,8
bwv317.mxl,I,V6/ii,V65/ii,ii,V/ii,10
bwv317.mxl,ii6,iii65,I64,V7,I,12
bwv317.mxl,I6,I,ii42,V6,I,14
bwv317.mxl,ii6,iii65,I64,V7,I,16
bwv318.mxl,iii,V64,vi65,V/V,V,2
bwv318.mxl,V6,I,I7,V/V,V,4
bwv318.mxl,IV6,I64,V,V7,I,6
bwv318.mxl,ii5,ii7,V,V7/V,V,9
bwv318.mxl,ii7/IV,viio6/IV,IV,vii/o43,I,11
bwv318.mxl,IV6,vii/o42,I64,V,I,13
bwv320.mxl,I,I,I,viio6/V,V,2
bwv320.mxl,I,viio6/V,V,V,V42,2
bwv320.mxl,viio6,iii42,ii,V7,I,6
bwv320.mxl,iii42,ii,V7,I,I,6
bwv320.mxl,V6,I,I42,viio6/V,V,14
bwv320.mxl,vi64,ii7,V/vi,III+6/vi,vi,22
bwv320.mxl,vi7,V64,V/V,V,V,30
bwv320.mxl,I6,IV7,V7,i43,I,38
bwv321.mxl,V,vi7,viio6/V,V,V,4
bwv321.mxl,vi7,viio6/V,vi,II7#3,V,8
bwv321.mxl,ii7,viio6,ii,V7,I,12
bwv321.mxl,I,I6,V,V7,I,16
bwv322.mxl,vi42,ii6,iii/o43,v6,vi,2
bwv322.mxl,I,V,V,V7,I,4
bwv322.mxl,iii/o43,v6,I,Ib753,IV,6
bwv322.mxl,V43/V,iii6,I64,V7,I,8
bwv322.mxl,ii,V,V,V7,I,11
bwv322.mxl,vio6,i,V/V,V7/V,v,13
bwv322.mxl,viio6,vii/o65,iii6,V7,I,15
bwv322.mxl,IV6,IV,I,Ib753,IV,17
bwv322.mxl,IV7,V,i4,V,I,20
bwv323.mxl,i,iv65,iv7,bVII,iii5,5
bwv323.mxl,I6#42,iv6,iv,iv64,I,11
bwv324.mxl,i7,iv65,iv7,bVII,III,5
bwv324.mxl,iv6,i64,V,V75#3,i,9
bwv325.mxl,I6,V,V,V7,I,2
bwv325.mxl,I,V6,v5,V/V,V,3
bwv325.mxl,vi65,#iv6b5,vi5,v4#3,V,5
bwv325.mxl,IV7,V,IV6,V65,I,6
bwv325.mxl,vi7,V/V,iii6/V,V7/V,V,8
bwv325.mxl,I64,iii6,V,V7,I,11
bwv325.mxl,I,I,V,V7,vi,12
bwv325.mxl,V6,vi65,V/V,V7/V,iii,13
bwv325.mxl,vii/o43/V,vi6,II,II75#3,V,15
bwv325.mxl,ii,V,V,V7,I,17
bwv326.mxl,I64,ii65,V42,V,I,4
bwv326.mxl,I6,V65,I,I6,V,8
bwv326.mxl,vii/o65,vii/o7,V/vi,V/vi,vi,12
bwv326.mxl,ii65,ii7,V,V7,I,16
bwv327.mxl,I,vi,ii65,V,I,4
bwv327.mxl,I6,V65,I,I6,V,8
bwv327.mxl,vi,IV,vii/o65,V/vi,vi,12
bwv327.mxl,V7,I64,ii6,V7,I,16
bwv329.mxl,I,IV,vi43,viio6,I,2
bwv329.mxl,vi65,vi7,II,II75#3,V,5
bwv329.mxl,vi65,IV64,V65,V7,I,7
bwv329.mxl,ii65,ii65,V,V7,I,9
bwv329.mxl,V6,I7,V64,II7#3,V,11
bwv329.mxl,ii6,ii6,vii7/vi,V6/vi,vi,12
bwv329.mxl,vii/o43,ii6,V,V7,I,14
bwv330.mxl,V7#3,i,ii/o65,V,i,2
bwv330.mxl,i42,iv6,viio64#2,iv6,V,4
bwv330.mxl,iio6,III6,bVII,bVII7,III,6
bwv330.mxl,i,ii/o65,V,V75#3,I,9
bwv331.mxl,iv6,iv5,V,V75#3,i,3
bwv331.mxl,V65,i,III42,iv6,V,5
bwv331.mxl,##io6b5b3/--ii,III6,bVII,bVII7,III,8
bwv331.mxl,viio#63,i,V,V75#3,I,10
bwv332.mxl,V,I,I42,viio6/V,V,2
bwv332.mxl,vi,V6,I,V,I,4
bwv332.mxl,vi65,vi7,V/V,V/V,V,6
bwv332.mxl,V65/vi,vi,I6,V,I,8
bwv333.mxl,III,bVII,v6,bVII7,III,2
bwv333.mxl,ii,V,V,V75#3,i,4
bwv333.mxl,i,vio#63,i6,i,V,6
bwv333.mxl,V,bVI7,bVI7,iv6,V,8
bwv333.mxl,ii,V,V,V75#3,I,10
bwv334.mxl,iio6,III+6,i64,V,i,2
bwv334.mxl,iv6,i64,viiob753/V,viiob75/V,V,4
bwv334.mxl,iio64,III+6,iv7,V,i,6
bwv334.mxl,v,bVII6,i65,IV,bVII,8
bwv334.mxl,ii/o65,ii/o7,V,V75#3,I,11
bwv335.mxl,#v7/-iii,#v/-iii,I,I75#3,iv,2
bwv335.mxl,v43,i,V,V75#3,I,4
bwv335.mxl,bVII,viio6b5/V,v6,V7/V,v,6
bwv335.mxl,ii/o65,ii6,V,V75#3,I,8
bwv336.mxl,I65,vi43,I6,V65/V,V,2
bwv336.mxl,V,V6,V/V,V7/V,V,4
bwv336.mxl,ii/IV,V/ii,V75#3/ii,v4,ii,6
bwv336.mxl,I6,ii65,iii6,V7,I,8
bwv338.mxl,iv42,bVII65,I65,iv,I,2
bwv338.mxl,ii7,V,V,V75#3,i,4
bwv338.mxl,IV6,IV65,viio,V6,i,6
bwv338.mxl,bVI42,i64,ii/o43,iv6,V,8
bwv338.mxl,iv,V,V,V75#3,I,10
bwv339.mxl,vi,I64,vii/o43,ii6,V/vi,3
bwv339.mxl,ii65,ii7,V,V7,I,5
bwv339.mxl,I43,ii6,ii7,V75#3/vi,vi,8
bwv339.mxl,viio7/ii,V65/ii,ii,IV6/IV,IV,10
bwv339.mxl,I6,i5,V,V7,I,13
bwv340.mxl,iii42,iv43,IV,IV6,I,2
bwv340.mxl,vi,V7#3/iii,V6/ii,viio7/iii,iii,4
bwv340.mxl,ii65,ii7,V,V7,I,6
bwv340.mxl,vi,I43,V65/V,ii7,V,8
bwv340.mxl,vi,I42,vi6,V64/V,V/vi,10
bwv340.mxl,ii65,ii7,iii6,V7,I,12
bwv340.mxl,vi,V/V,iii6/V,V7/V,V,14
bwv340.mxl,V,V65/vi,vi,#vo6b5b3/V,V/vi,15
bwv340.mxl,vii/o7/V,V6/V,V6/vi,V/vi,vi,17
bwv340.mxl,I,i4,V,V,I,19
bwv341.mxl,v,v,i65,IV,bVII,1
bwv341.mxl,ii43,IV6,V65,i,V,3
bwv341.mxl,bVII6,i7,bVII65,bVII7,III,6
bwv341.mxl,III6,III6,iv,iio6,III,7
bwv341.mxl,iv6,ii/o43,i6,V75#3,I,9
bwv343.mxl,v64,bVII6,I#643,#iiio63b3,IV,4
bwv343.mxl,i64,ii/o65,V,V75#3,i,8
bwv343.mxl,IV6,III6,III7,IV,bVII,12
bwv343.mxl,III64,v6,bVI7,iv6,V,17
bwv343.mxl,ii/o65,ii7,V75#3,V,I,21
bwv344.mxl,ii/o42,V65,i,V,V,4
bwv344.mxl,III,iv65,bVII,bVII7,III,8
bwv344.mxl,i,i#753,iv,V,V,12
bwv344.mxl,ii7,ii/o7,V,V75#3,i,16
bwv344.mxl,iv7,iio6,III,bVII,bVII,20
bwv344.mxl,ii/o7,V,V75#3,i,i,24
bwv345.mxl,bVI7,i64,viio64#2,iv7,V,2
bwv345.mxl,i7,III64,IV6,IV7#3,bVII,4
bwv345.mxl,V65/V,v,bIII+6#5#3/V,V7/V,V,6
bwv345.mxl,##iii/o6b5b3/-iii,##iii/o7/-iii,bVI+6,I,iv,8
bwv345.mxl,V65,i,V75#3,i64#3,i,10
bwv346.mxl,I,I,V42/IV,viio6/V,V,1
bwv346.mxl,V6,v5,V,V7,I,2
bwv346.mxl,V64,vi65,V/V,V7/V,V,5
bwv346.mxl,IV7,ii65,viio/vi,V6/vi,vi,6
bwv346.mxl,ii,III+#642/ii,ii6,ii,V/ii,8
bwv346.mxl,I6,IV42,vi64,viio6,I,9
bwv346.mxl,ii7,vii/o42/IV,viio7/ii,ii,V/ii,10
bwv346.mxl,V6/ii,V65/iii,III+43/iii,V6/iii,iii,11
bwv346.mxl,V65/V,V,V/V,V7/V,V,12
bwv346.mxl,viio64,ii6,V,V7,I,15
bwv347.mxl,V6/V,ii/IV,V/V,V7/V,V,2
bwv347.mxl,vi65,V64,V/V,V7/V,V,4
bwv347.mxl,v7/IV,IV,viio64,I6,V,6
bwv347.mxl,vii#65/ii,ii6,ii6/IV,V75#3/ii,ii,8
bwv347.mxl,ii,viio6,I,IV7,V,10
bwv347.mxl,IV7,V,V,V7,I,13
bwv348.mxl,IV7,V6/V,v,V7/V,V,2
bwv348.mxl,V6/V,V,V,V7/V,V,4
bwv348.mxl,IV7,V6/V,v,V7/V,V,6
bwv348.mxl,V6/V,V,V,V7/V,V,8
bwv348.mxl,I6b5,IV,ii65,I,V,10
bwv348.mxl,ii,iii,ii6,IV7,V,14
bwv348.mxl,ii65,I64,V7,iii65,I,16
bwv349.mxl,V,I,I42,viio6/V,V,4
bwv349.mxl,ii7/IV,I,V7/IV,IV,IV,8
bwv349.mxl,V6,V,V7,I,V,12
bwv349.mxl,I6,ii65,V,V7,I,16
bwv350.mxl,ii/o65,V,III+6,V7#3,i,3
bwv350.mxl,i4,V,III+6,V7#3,i,6
bwv350.mxl,bVI,bVI7,bVII6,bVII,III,9
bwv350.mxl,V6,III42,i6,i,V,12
bwv350.mxl,III7,bVI+#642,iv6,iv,I,15
bwv350.mxl,viio6#4,ii6,V,V,I,18
bwv351.mxl,i7,iio6,viiob753/V,V65/V,V,2
bwv351.mxl,viio#653,V7#3,III+6,V,i,4
bwv351.mxl,bVI,vi/o7,bVII,viio7,i,6
bwv351.mxl,i,V,bVI7,iv6,V,7
bwv351.mxl,i4#3,V,III+6,V7#3,I,9
bwv352.mxl,viio,i,ii42,V,i,2
bwv352.mxl,viio#653,i6,vi#65,viio64/V,V,4
bwv352.mxl,v42,i65,IV,IV75#3,bVII,6
bwv352.mxl,iio6,III6,bVII,bVII7,III,8
bwv352.mxl,III,ii/o42,viio7,i,V,10
bwv352.mxl,iv6,i64,V,i4#3,I,12
bwv353.mxl,i,ii/o65,V,V75#3,i,3
bwv353.mxl,viio#63,viio#63,i,i5,V,5
bwv353.mxl,v42,i65,IV,IV75#3,bVII,8
bwv353.mxl,iv6,iv,bVII,bVII7,III,10
bwv353.mxl,iio,III,V65,i,V,12
bwv353.mxl,ii/o65,ii7,V,i4#3,I,14
bwv354.mxl,iv6,iio6,V,V75#3,i,2
bwv354.mxl,viio#63,viio6#4,i6,vio#63,V,4
bwv354.mxl,III7,i65,IV,IV75#3,bVII,6
bwv354.mxl,III6,bVI7,bVII,bVII7,III,8
bwv354.mxl,viio7,V65,i,viio4b3/V,V,10
bwv354.mxl,i64,ii/o65,V,V75#3,I,12
bwv355.mxl,V,I,I42,viio6/V,V,2
bwv355.mxl,ii65,V,V,V7,I,4
bwv355.mxl,iii,V75#3/ii,IV42,ii6,V/ii,6
bwv355.mxl,V,vi65,V/V,V7/V,V,8
bwv355.mxl,IV6,V65,iii42,I6,V,10
bwv355.mxl,V6/V,V,V6/V,V65/V,V,12
bwv355.mxl,V7,vi,V/vi,V75#3/vi,IV,14
bwv355.mxl,ii7,V,V,V7,I,16
bwv356.mxl,ii/o65,ii65,V,V75#3,i,4
bwv356.mxl,iio6,iv5,bVII,bVII7,III,8
bwv356.mxl,i65,i65,IV,IV75#3,bVII,12
bwv356.mxl,bVI7,bvi7,iio64,iv6,V,16
bwv356.mxl,ii/o65,ii7,V,V75#3,I,20
bwv357.mxl,viio#63,i,V6,i,V,2
bwv357.mxl,ii65,V,V75#3,i,i,4
bwv357.mxl,bVI,III6,bVII65,III,bVII,6
bwv357.mxl,III64,bVII,iii43,III,III,8
bwv357.mxl,iio6,iio6,V,V,V,10
bwv357.mxl,iio6,V,V,V,V6#42,10
bwv357.mxl,III65,i,iv6,i64,V,12
bwv357.mxl,III+6,bVI7,bVI7,iv6,V,14
bwv357.mxl,ii/o65,i64,V,i4#3,I,16
bwv358.mxl,i,ii/o65,V,V75#3,i,2
bwv358.mxl,iii5,V6#42,I6,viiob753/V,V,4
bwv358.mxl,i64,iv7,V,V75#3,i,6
bwv358.mxl,iv65,iv7,bVII,bVII7,III,8
bwv358.mxl,v6,vi/o#653,V/V,V7/V,V#3,11
bwv358.mxl,iii64/V,V6/V,V,V75#3,I,13
bwv359.mxl,ii7,viio6,I6,V,V,2
bwv359.mxl,V7/IV,ii65,V,V7,I,4
bwv359.mxl,ii,ii6,V/ii,V75#3/ii,ii,6
bwv359.mxl,IVb73,ii65/IV,I,V7/IV,IV,8
bwv359.mxl,viio6,iii7,IV7,V,V,10
bwv359.mxl,ii65,ii7,V,V7,I,12
bwv360.mxl,ii,viio6,I,V,V,2
bwv360.mxl,vi42,ii65,V,V,I,4
bwv360.mxl,ii,ii6,V75#3/ii,i64#3/ii,ii,6
bwv360.mxl,IV6,IV,I,Ib753,IV,8
bwv360.mxl,IV,V65,I,V,V,10
bwv360.mxl,I,ii65,V,I,I,12
bwv361.mxl,I43,V65/V,V64,V/V,V,2
bwv361.mxl,ii65,V,V7,I43,I,4
bwv361.mxl,V6,V6,V/V,V/ii,V/V,6
bwv361.mxl,iii42,vi65,V/V,i43/V,V,7
bwv361.mxl,ii42,V65,ii42,ii64,V65,9
bwv361.mxl,I64,V65/V,viio/vi,III+43/vi,vi,11
bwv361.mxl,V6,vi,ii65,V,I,13
bwv362.mxl,I6,ii7,viio6,I6,V,2
bwv362.mxl,I64,V65/V,V6/V,V,I,4
bwv362.mxl,V6/vi,V75#3/vi,vi,I6b5,IV,6
bwv362.mxl,I64,ii65,V,V7,I,8
bwv362.mxl,V6/vi,V75#3/vi,vi,I6b5,IV,10
bwv362.mxl,V42,I6,ib75,IV,I,12
bwv362.mxl,I6,ii7,V7,V7,I,14
bwv362.mxl,ii64,v7b3,iiio6,V/ii,ii,23
bwv362.mxl,I64,IV7,ii6,V,I,30
bwv363.mxl,i64#3,viiob753/V,V,V75#3,i,3
bwv363.mxl,III65,i64,V,V75#3,i,6
bwv363.mxl,iio6,III,bVII,bVII7,III,9
bwv363.mxl,i6,ii/o65,V,V75#3,I,12
bwv364.mxl,vio#63,viio7/ii,V/V,V7/V,v,3
bwv364.mxl,viio7,V65,i,V,i,5
bwv364.mxl,i,V,bVI7,iv6,V,7
bwv364.mxl,viiob753/V,v,V/V,V7/V,v,9
bwv364.mxl,viio7,i,V,V7#3,I,11
bwv365.mxl,vi,V6/vi,vi,vi6,V/vi,2
bwv365.mxl,I,ii65,V,V7,I,5
bwv365.mxl,vii/o65,vii7,V/vi,V75#3/vi,vi,7
bwv365.mxl,ii65,ii7,V,i43,I,9
bwv366.mxl,i6,v43,i,V,V,4
bwv366.mxl,iv65,bVII,bVII,bVII7,III,8
bwv366.mxl,i6,v43,i,V,V,12
bwv366.mxl,iv65,bVII,bVII,bVII7,III,16
bwv366.mxl,ii/o65,iv,bVII,III,III,20
bwv366.mxl,V65/V,V,V7#3,I,I,24
bwv367.mxl,ii65,V,I,I6,V,2
bwv367.mxl,V6,vi65,V/V,V,V,4
bwv367.mxl,I,iii43,vi,vi6,V/vi,6
bwv367.mxl,IV6,V/V,V6/V,V/V,V,8
bwv367.mxl,V/V,V/iii,V6/iii,V#3/iii,iii,10
bwv367.mxl,I,iv43,V,V7,I,12
bwv368.mxl,I,V42/IV,vi7,IV,I,4
bwv368.mxl,IV6,V6,V,V/V,V,8
bwv368.mxl,V#42/vi,vii/o43/V,V64/vi,viio#63/vi,vi,12
bwv368.mxl,V42,I6,I,V,I,16
bwv368.mxl,vi64,IV42,V/vi,V75#3/vi,vi,20
bwv368.mxl,V,iii7,I64,ii6,V/vi,24
bwv368.mxl,vi,vii7,vi6,IV6,V6,28
bwv368.mxl,V65/IV,IV,IV,ii65,I,32
bwv369.mxl,bVI7,iii4,bVII,bVII7,III,2
bwv369.mxl,bVII7,i,III43,iv6,V,4
bwv369.mxl,ii7,bVII,III,III6,bVII,6
bwv369.mxl,bVII6,bVII64,IV,IV75#3,bVII,8
bwv369.mxl,##iiio6/-iii,bVI7,i4,iv6,i,10
bwv369.mxl,iv6,bVI42,ii/o65,V75#3,I,12
bwv372.mxl,i,ii/o65,V,V75#3,i,3
bwv372.mxl,III,iio6,viiob753/V,V65/V,V,6
bwv372.mxl,ii/o7,V,III+6,V7#3,i,8
bwv372.mxl,ii65,iv5,bVII,bVII7,III,10
bwv372.mxl,III64,iv65,bVII,bVII7,III,13
bwv372.mxl,bVII,V6,i,i,V,15
bwv372.mxl,ii/o65,ii/o7,V,V7#3,I,17
bwv373.mxl,V,I,I6,vi65,V,2
bwv373.mxl,ii7,V,V,V7,I,5
bwv373.mxl,V,vi42,V6/V,V,V,7
bwv373.mxl,I,I6,V,V7,I,10
bwv375.mxl,IV64,IV64,V,V7,I,2
bwv375.mxl,vi65,vi65,V/V,V7/V,V,4
bwv375.mxl,vi65,V/V,V7/V,V,V,4
bwv375.mxl,v43,I6,IV7,IV7,V64,6
bwv375.mxl,V,V42,I6,viio6,viio7/ii,8
bwv375.mxl,IV7,V,iii65,V7,I,10
bwv376.mxl,IV,IV7,V,V7,I,2
bwv376.mxl,V6,ii5,iii6/V,V7/V,V,4
bwv376.mxl,I6,I6,IV,IV7,V,6
bwv376.mxl,V6/vi,vi,vi42,ii6,iii,8
bwv376.mxl,ii65,ii7,V,V7,I,10
bwv377.mxl,I7,ii,viio6,I6,V,2
bwv377.mxl,V,vi65,V/V,V7/V,V,4
bwv377.mxl,ii,viio6,I6,vii/o7/V,V,6
bwv377.mxl,IV6,I64,V,V7,I,8
bwv378.mxl,V42,I6,ii,viio6,I,2
bwv378.mxl,V43,ii,V7,V,I,4
bwv378.mxl,I6,V,vi7,viio6/V,V,6
bwv378.mxl,V65,I,V,V7,I,8
bwv378.mxl,vi7,ii7,viio6,I6,V,10
bwv378.mxl,ii6,V6/ii,III+#642/ii,ii6,V/ii,12
bwv378.mxl,V,I,I42,IV6,I6,14
bwv378.mxl,vii/o43,ii6,V,V7,I,16
bwv379.mxl,viio6,ii,V7,V7,I,2
bwv379.mxl,viio64,ii6,V,V7,I,5
bwv379.mxl,V6,viio7/vi,I42,vi6,V/vi,7
bwv379.mxl,viio64,ii6,V,V7,I,9
bwv380.mxl,V7,I43,V7,V7,I,2
bwv380.mxl,vi65,vi7,V/V,V7/V,V,5
bwv380.mxl,V65,viio/ii,ii,iii42,V/ii,8
bwv380.mxl,I6,ii65,ii7,V7,I,10
bwv380.mxl,vii42,V6/vi,I+6,III7#3,vi,12
bwv380.mxl,IV7,IV,V,V7,I,14
bwv381.mxl,III7,bVI7,ii/o43,iv6,V,2
bwv381.mxl,bVII6,bVII,bVII7,III,III,4
bwv381.mxl,i,ii/o65,V,i4#3,i,6
bwv381.mxl,bVI7,iv65,bVII,bVII7,III,8
bwv381.mxl,bVI7,IV6,vio,bVII,bVII,10
bwv381.mxl,bVI6,bVII65,III,bVII,bVII,12
bwv381.mxl,i64,ii/o65,V,V75#3,I,15
bwv382.mxl,v,v6,vi/o#653,V/V,v,2
bwv382.mxl,vio,vio5,V/V,V7/V,v,4
bwv382.mxl,viio64#2,iv7,V,V6#42,i,6
bwv382.mxl,viio,i,III43,bVI6,III,10
bwv382.mxl,ii6,i64,viio64#2,iv6,V,11
bwv382.mxl,V7#3,iv64,I,ii42,I,13
bwv384.mxl,i,ii/o65,III+6,iv6,V,3
bwv384.mxl,iv,iio6,III6,bVII,III,5
bwv384.mxl,bVII6,i7,ii6,IV,bVII,8
bwv384.mxl,i6,i64,V75#3,i64#3,i,10
bwv385.mxl,viio6,I6,i5,V,I,3
bwv385.mxl,vi,I,ii65,V,I,6
bwv385.mxl,ii6,vii/o43,vi64,V/vi,vi,8
bwv385.mxl,V64,I,vi65,V7/IV,IV,10
bwv385.mxl,V,vi65,V/V,V7/V,V,13
bwv385.mxl,viio6,I6,i5,V7,I,14
bwv386.mxl,I,IV,IV6,IV,I,2
bwv386.mxl,V42,I6,I,V7,I,4
bwv386.mxl,v5,iii42,I6,I,V,6
bwv386.mxl,vi65,vi7,V/V,V/V,V,8
bwv386.mxl,viio/ii,ii6,vii/o65/IV,V/ii,ii,10
bwv386.mxl,ii65,ii7,V,i43,I,12
bwv387.mxl,bVII42,v,v5,V7/V,v,2
bwv387.mxl,IV,i6,ii7,V,I,4
bwv387.mxl,bVI42,iio6,viiob753/V,V65/V,V,6
bwv387.mxl,iio6,ii/o65,V,V75#3,I,8
bwv388.mxl,I,I6,V,V7,I,2
bwv388.mxl,iii65,IV,IV42,viio6,I,4
bwv388.mxl,vi7,V7/V,iii6/V,V/V,V,6
bwv388.mxl,vi7,viio,I,V7,vi,8
bwv388.mxl,viio6,I6,V,V7,I,10
bwv389.mxl,I,I6,ii65,V,I,2
bwv389.mxl,I6,ii65,V,V7,I,4
bwv389.mxl,V7,V6/vi,vi,V/vi,vi,6
bwv389.mxl,I6,I7,V/V,V7/V,V,8
bwv389.mxl,ii42,V7/IV,vii/o42/IV,viio/IV,IV,10
bwv389.mxl,ii,viio6/IV,ii6/IV,V/ii,ii,11
bwv389.mxl,IV6/IV,V7/IV,ii7,viio/IV,IV,13
bwv389.mxl,I6,I7,V/V,V7/V,V,15
bwv389.mxl,ii65,vii/o43,vii/o7/V,vii/o7/V,V,17
bwv389.mxl,ii43,I64,V,V7,I,19
bwv390.mxl,I,I6,ii65,V,I,4
bwv390.mxl,I6,ii65,V,i43,I,8
bwv390.mxl,V6/vi,vi,vi4,V75#3/vi,IV,12
bwv390.mxl,V,I,V/V,V7/V,V,15
bwv390.mxl,V7,I,ii42,V6/vi,vi,19
bwv390.mxl,ii6,vii/o65/IV,ii64,V75#3/ii,ii,22
bwv390.mxl,iii7,V64,V43,I,IV,26
bwv390.mxl,I6,vi65,V/V,V7/V,V,29
bwv390.mxl,viio6,I,vi6,V42/V,V,33
bwv390.mxl,I6,ii65,V,i43,I,36
bwv391.mxl,vi,V,I,V7/IV,IV,2
bwv391.mxl,IV,IV6,I,V7/IV,IV,5
bwv391.mxl,I42,viio6/V,V,V,V,7
bwv391.mxl,I,I7,V7/V,V/V,V,10
bwv391.mxl,ii,vii/o65/IV,V/ii,V75#3/ii,ii,14
bwv391.mxl,I,ii65,V,V7,I,18
bwv392.mxl,I,I6,ii7,V7,I,2
bwv392.mxl,vi,vi42,V65/V,ii7,V,4
bwv392.mxl,iv43,I,iv5,iv7,V,6
bwv392.mxl,I,iv5,iv7,V,ii,6
bwv392.mxl,viio7/ii,V65/ii,ii64,viio6#43/vi,V/ii,8
bwv392.mxl,V42/V,V6,iii6,V7/V,V,10
bwv392.mxl,IV,I64,V,v7,I,12
bwv393.mxl,I,I6,ii7,V7,I,2
bwv393.mxl,V,iii,vi7,viio6/V,V,4
bwv393.mxl,I,i5,IV,IV7,V,6
bwv393.mxl,V6,I,V65/ii,ii,V/ii,8
bwv393.mxl,V65/V,iii6,vi42,V65/V,V,10
bwv393.mxl,IV6,I64,vii/o7/V,V7,I,12
bwv394.mxl,I6,I6,ii7,V7,I,2
bwv394.mxl,I,iii43,vi7,V7/V,V,4
bwv394.mxl,viio6,I,I,ii6,V,6
bwv394.mxl,ii64,IV6,vii/o7,V65,I,8
bwv394.mxl,vi64,I6,vii/o7/V,V65/V,V,10
bwv394.mxl,IV,iii6,IV7,V,I,12
bwv395.mxl,vii/o43/IV,IV65,viio,ii43,V6/vi,2
bwv395.mxl,V/vi,V75#3/vi,vi,V7/V,V,4
bwv395.mxl,I,I,ii6,IV7,V,6
bwv395.mxl,I,V65/ii,ii,viio#653/vi,V/ii,8
bwv395.mxl,iii6,iii6,vi42,V65/V,V,10
bwv395.mxl,I6,IV,I64,V7,I,12
bwv396.mxl,iv65,ii/o43,iv6,bVII,III,2
bwv396.mxl,IV65,V6,III42,i6,V,4
bwv396.mxl,viio#653,V,i6,vio#63,V,6
bwv396.mxl,ii65,V,V,V75#3,I,8
bwv397.mxl,vii/o7/V,V6/V,viio7/vi,V/vi,vi,3
bwv397.mxl,vi7,ii,iii7,IV7,V,5
bwv397.mxl,vi64,ii65,V,V7,I,8
bwv397.mxl,ii64,vii/o65/IV,V/ii,i4#3/ii,ii,11
bwv397.mxl,ii65,ii7,V,V7,I,13
bwv398.mxl,I6,I6,I6,i5,IV,2
bwv398.mxl,V65,I,V,V7,I,4
bwv398.mxl,V6,vi7,V65,v7,I,6
bwv398.mxl,I,V64,V/V,V7/V,V,8
bwv398.mxl,I6,ii7,V65/IV,vi6,IV,10
bwv398.mxl,ii,V6/V,V65/V,iii6/V,V,12
bwv398.mxl,IV6,I,vi6,V6/vi,vi,14
bwv398.mxl,iv7,V,V,V7,I,16
bwv399.mxl,I6,V7,iii6,V7,I,2
bwv399.mxl,iii7,I,V,V7,I,4
bwv399.mxl,IV6,vi,V6,V65,I,6
bwv399.mxl,vi6,vi,V64,V7/V,V,8
bwv399.mxl,I,V42/IV,IV6,V65/IV,IV,10
bwv399.mxl,I,IV7,I64,V7,I,12
bwv400.mxl,I,I,IV,IV7,V42,2
bwv400.mxl,ii42,V65,V6,I,I,5
bwv400.mxl,V,I,I42,viio6/V,V,7
bwv400.mxl,V64,vi65,V/V,V7/V,V,10
bwv400.mxl,V/vi,V6#42/vi,I+,III#643,vi,12
bwv400.mxl,vi64,vii/o65,V/vi,V75#3/vi,vi,15
bwv400.mxl,I64,i4,V,V7,I,18
bwv401.mxl,V64,vi65,V/V,V7/V,V,2
bwv401.mxl,I64,iii6,V,i43,I,4
bwv401.mxl,V6,vi65,V/V,V42/V,V,6
bwv401.mxl,IV64,V7/IV,viio7/ii,ii,V/ii,8
bwv401.mxl,I64,ii65,V,V7,I,11
bwv402.mxl,vi,vi7,vii7/iii,V6/iii,iii,2
bwv402.mxl,V65/vi,vi,vi,V7/V,V,4
bwv402.mxl,viio6,ii,V,V,I,6
bwv402.mxl,vii/o42,I42,IV6,IV,I,8
bwv402.mxl,vii/o43/V,vi6,II,II75#3,V,10
bwv402.mxl,ii,ii7,viio7/vi,viio7/vi,vi,12
bwv402.mxl,viio#63/ii,ii,viio6,I6,V,14
bwv402.mxl,iii,V64,V65/ii,V65/iii,iii,16
bwv402.mxl,ii6,V,V,V7,I,18
bwv403.mxl,i6,v43,i,i,V6,4
bwv403.mxl,V65/V,i75b3/V,i7,V/V,V,7
bwv403.mxl,iv6,i64,ii/o43,iv6,V,11
bwv403.mxl,i42,i,i6,V,V,14
bwv403.mxl,iv6,bVII42,bVII,#iiio6,iv,18
bwv403.mxl,ii/o65,ii/o65,V,V7#3,I,21
bwv404.mxl,V,i,vi/o#653,viio64b3/V,V,1
bwv404.mxl,V6#42,i6,ii/o43,iv6,V,2
bwv404.mxl,III,IV65,bVII,bVII7,III,4
bwv404.mxl,i6,viio,V75#3,i,V,6
bwv404.mxl,i43,ii/o65,V,V75#3,i,8
bwv405.mxl,iv65,iv65,bVII,bVII,III,3
bwv405.mxl,i,i7,V/V,V7/V,V,6
bwv405.mxl,V,IV6,V6,i,V,8
bwv405.mxl,ii/o65,i64,i4,V,I,11
bwv406.mxl,bVI,III,iv,bVII7,III,3
bwv406.mxl,bVI,bVII,bVII,bVII7,III,6
bwv406.mxl,viio6#4,ii6,V,V75#3,bVI,8
bwv406.mxl,ii7,V,V,V75#3,I,11
bwv407.mxl,i5,IV,IV7,IV,I,2
bwv407.mxl,vii/o43,ii6,V,V7,I,4
bwv407.mxl,iii43,V6/ii,ii,V6/ii,ii,6
bwv407.mxl,ii/IV,bVII/IV,vi/o65b3,V/V,V,8
bwv407.mxl,ii6/IV,vi7,v43/IV,IV6,I,10
bwv407.mxl,iii43,V6,I,viio7/ii,ii,12
bwv407.mxl,V7,viio6/IV,ii/IV,V/ii,V/ii,14
bwv407.mxl,viio6,ii,V,i43,I,16
bwv407.mxl,vi/o7b53,V7/V,IV+6/IV,V/V,V,20
bwv407.mxl,V6/V,V,iii65,V7,I,27
bwv408.mxl,I,i,V6,i,i,1
bwv408.mxl,i6,V,bVI#7#3,iv6,V,3
bwv408.mxl,bVII6/IV,bVII/IV,bVII6,bIII,bIII,4
bwv408.mxl,bIII64,iv6b5,bVII,bVII7#5#3,bIII,6
bwv408.mxl,bIII,bIII,viio6,i,i,7
bwv408.mxl,ib64b3,bVII64,IV,IVb753,bVII,9
bwv408.mxl,bVII,bVII#6#42,bIII6,#I75#3/--iii,bVI,10
bwv408.mxl,ii/o43,i64,V,V7,I,12
bwv409.mxl,I6,V,I,vi6,V,2
bwv409.mxl,iii43,V6,I,V,I,3
bwv409.mxl,V6,I,I7,I,V,6
bwv409.mxl,V/vi,vi,III+#642/vi,vi6,V/vi,9
bwv409.mxl,I6,V,I6,i5,V,11
bwv409.mxl,I,I,V,i43,I,12
bwv410.mxl,iv6,viio42,i64,ivb75,V,2
bwv410.mxl,bVI6,bVI#75#3,iv6b5,bVII,bIII,5
bwv410.mxl,iv6b5,iio6,bIII6,biii5,bVII,8
bwv410.mxl,VII/--iii,##iii/o6b5b3/--iii,I,Ib753,iv,10
bwv410.mxl,bIII6,iv6b5,bVII,bIII,bIII,12
bwv410.mxl,i64,ii/o65b3,V,V7,I,15
bwv412.mxl,i,V6,V6,V65,i,1
bwv412.mxl,III6,iv7,bVII43,iio6,III,3
bwv412.mxl,III,bVII6,bVII6,bVII65,III,4
bwv412.mxl,ii/o65,iio6,iv7,V,V,6
bwv412.mxl,IV75#3,bVII,iii43,IV,bVII,9
bwv412.mxl,bVII,bVII42,III6,bVII6,III,10
bwv412.mxl,V/V,v,v4,V/V,V,12
bwv412.mxl,V,V6#42,i6,V6,i,13
bwv412.mxl,i6,i,i4,V,I,15
bwv414.mxl,IV6,IV/IV,IV7/IV,I,IV,2
bwv414.mxl,I6,i4,V,V7,I,5
bwv414.mxl,V42/V,V6,vi7,viio6/V,V,7
bwv414.mxl,I6,i4,V,V7,I,10
bwv415.mxl,V43,IV6,I,ii42,I,2
bwv415.mxl,vi,vi42,viiob753/V,V,I,4
bwv415.mxl,iii7,viio/V,V,V6/iii,iii,6
bwv415.mxl,V6,vi65,ii,ii7,V,8
bwv415.mxl,I6,vii/o42/IV,V65/ii,ii,V/ii,10
bwv415.mxl,ii65,ii7,V,V7,I,12
bwv416.mxl,viio#63,i6,i64,V,i,2
bwv416.mxl,III,bVI,ii/o43,iv6,V,4
bwv416.mxl,iio6,viiob753/V,V65/V,V,i,6
bwv416.mxl,V7/V,III,i6,V/V,v,8
bwv416.mxl,i,i42,bVI7,bVII7,III,10
bwv416.mxl,viiob753/V,V,III+65#3,V75#3,I,12
bwv417.mxl,IV6,IV,V/V,V7/V,v,2
bwv417.mxl,viio7,V65,V6,V65,i,4
bwv417.mxl,iii4,bVII,v6,bVII7,III,6
bwv417.mxl,bVII6,IV,bvii4#3,IV75#3,bVII,8
bwv417.mxl,V6/V,v,V/V,V7/V,v,10
bwv417.mxl,ii/o65,i64,iio6,V75#3,I,12
bwv418.mxl,bVII,v6,V6/V,V65/V,v,2
bwv418.mxl,IV6,bVII,V6,viio,i,4
bwv418.mxl,ii/o65,V,ii/o43,iv6,v,6
bwv418.mxl,I65,ii6,v42,V65/V,V,8
bwv418.mxl,IV65,III64,bVII7,bVII,III,10
bwv418.mxl,v6,IV6,IV6,IV7#3,bVII,12
bwv418.mxl,V6/V,#iii/o6b5b3,V43/V,viio6/V,v,14
bwv418.mxl,i64,iio6,V,V,I,16
bwv419.mxl,bVII,v6,V6/V,viio/V,v,2
bwv419.mxl,ii/o65,V,V75#3,i,i,4
bwv419.mxl,viio7,vii7,i,vio#63,V,6
bwv419.mxl,i64,v,IV6,IV#3,bVII,8
bwv419.mxl,V6/V,V7/V,#iii/o7,viio/V,v,10
bwv419.mxl,ii/o43,i64,V,V75#3,i,12
bwv420.mxl,vi/o6#43,viio#63,i,iv43,V,2
bwv420.mxl,##iii/ob6b42/-iii,I65,ii/o65,I,iv,4
bwv420.mxl,V,vi/o7,viio,iv43,V,6
bwv420.mxl,bVII,bVII42,III6,III,bVI,8
bwv420.mxl,i64,vi/o64#2,V,V75#3,I,10
bwv421.mxl,V,##iob7b53/-iii,iv,viiob753/V,V,2
bwv421.mxl,#iiio6,iv6,bVII7,I,iv,4
bwv421.mxl,vi/o6#43,viio#63,i,iv43,V,6
bwv421.mxl,#v/-iii,#I75#3/-iii,bVI43,III,bVI,8
bwv421.mxl,ii/o43,i6,V,V75#3,I,10
bwv423.mxl,i7,iio6,iv7,V,V,2
bwv423.mxl,iv65,V6,V6,i,V,4
bwv423.mxl,i7,V6/V,V65/V,V,V,6
bwv423.mxl,bVII6,III,bVII,bVII7,III,8
bwv423.mxl,iio6,III6,III64,bVII,bVII,10
bwv423.mxl,iv6,IV6,IV65,bVII,bVII,12
bwv423.mxl,V,i,i42,iv6,V,14
bwv423.mxl,viiob753/V,V,V,i4#3,i,16
bwv424.mxl,i,III+6,V,V75#3,i,2
bwv424.mxl,i,ii/o43,iv6,V,V,3
bwv424.mxl,i,bVII6,iio,bVII65,III,5
bwv424.mxl,bVII6,III,III6,#I65/-iii,bVI,6
bwv424.mxl,v43,i,V,V75#3,I,10
bwv425.mxl,vi/o#653,vi/o7,V/V,V7/V,v,3
bwv425.mxl,iio6,iv,bVII,iii43,III,6
bwv425.mxl,viio6/V,vi,V/V,i43/V,v,9
bwv425.mxl,viio#63,ii,V6#42,i4#3,i,12
bwv425.mxl,viio#63,ii,V,i4#3,bVI,14
bwv425.mxl,vi,V/V,V/V,V7/V,V,16
bwv425.mxl,iio6,iv,bVII7,iii43,III,19
bwv425.mxl,viio#63,i,V#3,V7#3,bVI,21
bwv425.mxl,viiob753/V,V64,V,III+65#3,I,25
bwv426.mxl,V42,I6,I65,IV,I,3
bwv426.mxl,iii42,vi6,vi,vi6,V/vi,6
bwv426.mxl,vii7/V,V6/V,III+43/vi,V6/vi,vi,8
bwv426.mxl,iii43/V,I6,I,V/V,V,10
bwv426.mxl,vi,I42,V42/V,V/V,V,13
bwv426.mxl,I,I7,V/V,V7/V,iii,15
bwv426.mxl,ii,V7,iii6,V,I,17
bwv427.mxl,I6b5,IV,vi43,viio6,I,2
bwv427.mxl,I65,vi65,II,II75#3,V,4
bwv427.mxl,iii6,IV65,V65,I,V,6
bwv427.mxl,ii7,ii,ii7,V7,I,8
bwv427.mxl,V,vi65,V/V,V7/V,V,10
bwv427.mxl,I64,ii65,V,V7,I,14
bwv428.mxl,viio6,I,V65,I,IV,2
bwv428.mxl,ii43,viio/IV,IV7,V7,I,4
bwv428.mxl,iii43,vi6,V#3/vi,V7#3/vi,vi,6
bwv428.mxl,I,vi6,viio7/ii,V7,I,8
bwv428.mxl,v43,I,iii42,I6,IV,10
bwv428.mxl,iii6,V7,I,V7/V,V,12
bwv428.mxl,ii65,ii7,V,V7,I,15
bwv429.mxl,viio6,ii,V6/vi,V65/vi,vi,2
bwv429.mxl,V,I6,ii7,V7,I,4
bwv429.mxl,I,V7/IV,vi65,Ib753,IV,6
bwv429.mxl,ii,i#753/ii,ii,viio#43/vi,V/ii,8
bwv429.mxl,vi,V6/vi,V6/vi,iii5,vi,10
bwv429.mxl,I6,I7,V/V,V7/V,V,12
bwv429.mxl,vi42,IV7,V,V7,I,15
bwv430.mxl,vi,V6,I,V42/IV,IV,2
bwv430.mxl,V65/ii,ii,ii,V43,vi,4
bwv430.mxl,vi,ii6,vi6,V/vi,vi,6
bwv430.mxl,viio6,ii,V7,V7,I,8
bwv430.mxl,I,V7/IV,vii/o42/IV,viio/IV,IV,10
bwv430.mxl,V65/V,V,vi65,V64/V,V,12
bwv430.mxl,viio6,ii,V,V,I,15
bwv431.mxl,ii6,V,V,V7,I,3
bwv431.mxl,V,V42,I6,i5,V,5
bwv431.mxl,vi6,I,V/V,V7/V,V,7
bwv431.mxl,IV6,I6,V,V7,I,9
bwv432.mxl,iii,ii6,iii65,V,I,2
bwv432.mxl,V42,I,I7,I,V,4
bwv432.mxl,vi65,vi7,vi7,V/V,V,6
bwv432.mxl,I6,V7,iii65,V7,I,8
bwv433.mxl,I42,vi,vi,V,I,2
bwv433.mxl,I,ii7,viio6,I6,V,3
bwv433.mxl,vi7,vi7,V43/V,viio6/V,V,6
bwv433.mxl,ii65,V,iii6,V7,I,8
bwv433.mxl,IV6,V65,I,V,V,10
bwv433.mxl,V65/vi,iii7,I42,vi6,V/vi,11
bwv433.mxl,vii/o65,V/vi,III+6/vi,V7#3/vi,vi,14
bwv433.mxl,ii65,V,iii6,V7,I,15
bwv433.mxl,vi6,ii42,V65,I,V,17
bwv433.mxl,ii7,I,IV64,vi6,V,19
bwv433.mxl,ii65,V,iii6,V7,I,21
bwv434.mxl,V6/V,V,III+6,V7#3,i,5
bwv434.mxl,iv65,iv7,bVII,bVII7,III,7
bwv434.mxl,viiob753/V,V65/V,V,V75#3,I,9
bwv435.mxl,i,III+#642,i6,i,V,2
bwv435.mxl,V65/V,V65/V,V,V75#3,i,3
bwv435.mxl,III,III,III,III6,bVII,5
bwv435.mxl,iv65,iv7,bVII,bVII7,III,6
bwv435.mxl,bVI7,iio6,III,III6,bVII,9
bwv435.mxl,viiob753/V,V65/V,V,V75#3,I,11
bwv436.mxl,viio6/V,iii,vi65,V/V,V,2
bwv436.mxl,I6,V,V/V,V7/V,V,4
bwv436.mxl,I,I,V,V7,I,6
bwv436.mxl,V,V7,I,V6,I,7
bwv436.mxl,I,V6,I,V,I,8
bwv436.mxl,vii/o43,ii65,V,V7,I,12
bwv436.mxl,I,V65/V,V,V7,I,14
bwv437.mxl,V,i,i6,i,V,3
bwv437.mxl,V,III+6,V7#3,i,i,5
bwv437.mxl,bIII+6/V,i7,V/V,V7/V,v,7
bwv437.mxl,i,i6,i,V,V,10
bwv437.mxl,i6,ii/o65,V,V75#3,i,12
bwv437.mxl,I6,I7#3,iv,I,I,15
bwv437.mxl,V6#42,i6,i,viio64b3/V,V,17
bwv437.mxl,i6,V/V,V7/V,v,v,20
bwv437.mxl,V,i,i6,vio#63,v,23
bwv437.mxl,ii/o7,v,v7,i,i,26
bwv437.mxl,IV,bVII6,ii,bVII#73,III,28
bwv437.mxl,bVI,ii/o65,V,V75#3,bVI,29
bwv437.mxl,V,III+6,V7#3,I,I,32
bwv438.mxl,V,I,I7,V/V,V,2
bwv438.mxl,V6,v5,I,V7,I,4
bwv438.mxl,I6,viio7/ii,III+#642/ii,ii6,V/ii,6
bwv438.mxl,vi,ii7,V,V7,I,8
